Date,Open,High,Low,Close,Adjusted Close,Volume
2005-03-09,21.389999,21.389999,21.389999,21.389999,21.389999,0
2006-07-10,21.5,21.5,21.5,21.5,21.5,0
2006-07-11,21.5,21.5,21.5,21.5,21.5,0
2006-07-12,23.379998999999998,23.379998999999998,23.379998999999998,23.379998999999998,23.379998999999998,0
2006-07-13,21.5,21.5,21.5,21.5,21.5,0
2006-07-14,21.5,21.5,21.5,21.5,21.5,0
2006-07-17,21.5,21.5,21.5,21.5,21.5,0
2006-07-18,21.5,21.5,21.5,21.5,21.5,0
2006-07-19,21.5,21.5,21.5,21.5,21.5,0
2006-07-20,21.5,21.5,21.5,21.5,21.5,0
2006-07-21,21.5,21.5,21.5,21.5,21.5,0
2006-12-06,21.5,21.5,21.5,21.5,21.5,0
2006-12-07,21.5,21.5,21.5,21.5,21.5,0
2006-12-08,21.5,21.5,21.5,21.5,21.5,0
2006-12-11,21.5,21.5,21.5,21.5,21.5,0
2006-12-12,21.5,21.5,21.5,21.5,21.5,0
2006-12-13,21.5,21.5,21.5,21.5,21.5,0
2006-12-14,21.5,21.5,21.5,21.5,21.5,0
2006-12-15,21.5,21.5,21.5,21.5,21.5,0
2006-12-18,21.5,21.5,21.5,21.5,21.5,0
2006-12-19,21.5,21.5,21.5,21.5,21.5,0
2006-12-20,21.5,21.5,21.5,21.5,21.5,0
2006-12-21,21.5,21.5,21.5,21.5,21.5,0
2006-12-22,21.5,21.5,21.5,21.5,21.5,0
2006-12-26,21.5,21.5,21.5,21.5,21.5,0
2006-12-27,21.5,21.5,21.5,21.5,21.5,0
2006-12-28,21.5,21.5,21.5,21.5,21.5,0
2006-12-29,21.5,21.5,21.5,21.5,21.5,0
2007-01-03,7.21,7.21,7.21,7.21,7.21,0
2007-01-04,64.339996,64.339996,64.339996,64.339996,64.339996,0
2007-01-05,21.5,21.5,21.5,21.5,21.5,0
2007-01-08,31.49,31.49,31.49,31.49,31.49,0
2007-01-09,21.5,21.5,21.5,21.5,21.5,0
2007-01-10,2.29,2.29,2.29,2.29,2.29,0
2007-01-11,17.629998999999998,17.629998999999998,17.629998999999998,17.629998999999998,17.629998999999998,0
2007-01-12,10.58,10.58,10.58,10.58,10.58,0
2007-01-16,7.18,7.18,7.18,7.18,7.18,0
2007-01-17,2.59,2.59,2.59,2.59,2.59,0
2007-01-18,17.0,17.0,17.0,17.0,17.0,0
2007-01-19,23.75,23.75,23.75,23.75,23.75,0
2007-01-22,48.009997999999996,48.009997999999996,48.009997999999996,48.009997999999996,48.009997999999996,0
2007-01-23,4.2,4.2,4.2,4.2,4.2,0
2007-01-24,21.5,21.5,21.5,21.5,21.5,0
2007-01-25,8.61,8.61,8.61,8.61,8.61,0
2007-01-26,2.5,2.5,2.5,2.5,2.5,0
2007-01-29,21.5,21.5,21.5,21.5,21.5,0
2007-01-30,22.66,22.66,22.66,22.66,22.66,0
2007-01-31,21.5,21.5,21.5,21.5,21.5,0
2007-02-01,0.66,0.66,0.66,0.66,0.66,0
2007-02-02,60.049999,60.049999,60.049999,60.049999,60.049999,0
2007-02-05,4.86,4.86,4.86,4.86,4.86,0
2007-02-06,7.96,7.96,7.96,7.96,7.96,0
2007-02-07,1.55,1.55,1.55,1.55,1.55,0
2007-02-08,59.52,59.52,59.52,59.52,59.52,0
2007-02-09,48.0,48.0,48.0,48.0,48.0,0
2007-02-12,21.5,21.5,21.5,21.5,21.5,0
2007-02-13,26.5,26.5,26.5,26.5,26.5,0
2007-02-14,14.5,14.5,14.5,14.5,14.5,0
2007-02-15,11.5,11.5,11.5,11.5,11.5,0
2007-02-16,38.040001000000004,38.040001000000004,38.040001000000004,38.040001000000004,38.040001000000004,0
2007-02-20,0.56,0.56,0.56,0.56,0.56,0
2007-02-21,16.18,16.18,16.18,16.18,16.18,0
2007-02-22,21.5,21.5,21.5,21.5,21.5,0
2007-02-23,21.5,21.5,21.5,21.5,21.5,0
2007-02-26,0.05,0.05,0.05,0.05,0.05,0
2007-02-27,4.71,4.71,4.71,4.71,4.71,0
2007-02-28,5.8,5.8,5.8,5.8,5.8,0
2007-03-01,67.449997,67.449997,67.449997,67.449997,67.449997,0
2007-03-02,49.5,49.5,49.5,49.5,49.5,0
2007-03-05,2.39,2.39,2.39,2.39,2.39,0
2007-03-06,70.0,70.0,70.0,70.0,70.0,0
2007-03-07,21.5,21.5,21.5,21.5,21.5,0
2007-03-08,23.0,23.0,23.0,23.0,23.0,0
2007-03-09,30.5,30.5,30.5,30.5,30.5,0
2007-03-12,29.09,29.09,29.09,29.09,29.09,0
2007-03-13,8.25,8.25,8.25,8.25,8.25,0
2007-03-14,5.83,5.83,5.83,5.83,5.83,0
2007-03-15,30.02,30.02,30.02,30.02,30.02,0
2007-03-16,21.5,21.5,21.5,21.5,21.5,0
2007-03-19,0.151,0.151,0.151,0.151,0.151,0
2007-03-20,21.5,21.5,21.5,21.5,21.5,0
2007-03-21,2.2,2.2,2.2,2.2,2.2,0
2007-03-22,63.130001,63.130001,63.130001,63.130001,63.130001,0
2007-03-23,0.25,0.25,0.25,0.25,0.25,0
2007-03-26,21.5,21.5,21.5,21.5,21.5,0
2007-03-27,21.5,21.5,21.5,21.5,21.5,0
2007-03-28,9.8,9.8,9.8,9.8,9.8,0
2007-03-29,3.02,3.02,3.02,3.02,3.02,0
2007-03-30,4.88,4.88,4.88,4.88,4.88,0
2007-04-02,11.0,11.0,11.0,11.0,11.0,0
2007-04-03,21.5,21.5,21.5,21.5,21.5,0
2007-04-04,65.989998,65.989998,65.989998,65.989998,65.989998,0
2007-04-05,7.7,7.7,7.7,7.7,7.7,0
2007-04-09,21.5,21.5,21.5,21.5,21.5,0
2007-04-10,5.8,5.8,5.8,5.8,5.8,0
2007-04-11,6.9,6.9,6.9,6.9,6.9,0
2007-04-12,25.290001,25.290001,25.290001,25.290001,25.290001,0
2007-04-13,8.79,8.79,8.79,8.79,8.79,0
2007-04-16,21.5,21.5,21.5,21.5,21.5,0
2007-04-17,21.5,21.5,21.5,21.5,21.5,0
2007-04-18,40.810001,40.810001,40.810001,40.810001,40.810001,0
2007-04-19,16.4,16.4,16.4,16.4,16.4,0
2007-04-20,3.35,3.35,3.35,3.35,3.35,0
2007-04-23,2.65,2.65,2.65,2.65,2.65,0
2007-04-24,21.5,21.5,21.5,21.5,21.5,0
2007-04-25,21.5,21.5,21.5,21.5,21.5,0
2007-04-26,5.01,5.01,5.01,5.01,5.01,0
2007-04-27,13.5,13.5,13.5,13.5,13.5,0
2007-04-30,11.14,11.14,11.14,11.14,11.14,0
2007-05-01,21.5,21.5,21.5,21.5,21.5,0
2007-05-02,15.3,15.3,15.3,15.3,15.3,0
2007-05-03,39.009997999999996,39.009997999999996,39.009997999999996,39.009997999999996,39.009997999999996,0
2007-05-04,21.5,21.5,21.5,21.5,21.5,0
2007-05-07,36.720001,36.720001,36.720001,36.720001,36.720001,0
2007-05-08,0.36,0.36,0.36,0.36,0.36,0
2007-05-09,84.800003,84.800003,84.800003,84.800003,84.800003,0
2007-05-10,6.1,6.1,6.1,6.1,6.1,0
2007-05-11,50.200001,50.200001,50.200001,50.200001,50.200001,0
2007-05-14,39.540001000000004,39.540001000000004,39.540001000000004,39.540001000000004,39.540001000000004,0
2007-05-15,0.03,0.03,0.03,0.03,0.03,0
2007-05-16,9.0,9.0,9.0,9.0,9.0,0
2007-05-17,13.0,13.0,13.0,13.0,13.0,0
2007-05-18,2.4,2.4,2.4,2.4,2.4,0
2007-05-21,22.879998999999998,22.879998999999998,22.879998999999998,22.879998999999998,22.879998999999998,0
2007-05-22,5.7,5.7,5.7,5.7,5.7,0
2007-05-23,5.19,5.19,5.19,5.19,5.19,0
2007-05-24,38.18,38.18,38.18,38.18,38.18,0
2007-05-25,63.580002,63.580002,63.580002,63.580002,63.580002,0
2007-05-29,11.57,11.57,11.57,11.57,11.57,0
2007-05-30,0.01,0.01,0.01,0.01,0.01,0
2007-05-31,2.71,2.71,2.71,2.71,2.71,0
2007-06-01,27.01,27.01,27.01,27.01,27.01,0
2007-06-04,41.220001,41.220001,41.220001,41.220001,41.220001,0
2007-06-05,32.07,32.07,32.07,32.07,32.07,49
2007-06-06,100.0,100.0,100.0,100.0,100.0,20
2007-06-07,1.2,1.2,1.2,1.2,1.2,100
2007-06-08,11.24,11.24,11.24,11.24,11.24,50
2007-06-11,16.530001000000002,16.530001000000002,16.530001000000002,16.530001000000002,16.530001000000002,70
2007-06-12,92.0,92.0,92.0,92.0,92.0,156
2007-06-13,53.400002,53.400002,53.400002,53.400002,53.400002,5000
2007-06-14,1.44,1.44,1.44,1.44,1.44,499
2007-06-15,5.79,5.79,5.79,5.79,5.79,24
2007-06-18,32.77,32.77,32.77,32.77,32.77,100
2007-06-19,288.619995,288.619995,288.619995,288.619995,288.619995,10
2007-06-20,0.18,0.18,0.18,0.18,0.18,1800
2007-06-21,38.490002000000004,38.490002000000004,38.490002000000004,38.490002000000004,38.490002000000004,29
2007-06-22,21.5,21.5,21.5,21.5,21.5,0
2007-06-25,1.9,1.9,1.9,1.9,1.9,115
2007-06-26,2.93,2.93,2.93,2.93,2.93,1100
2007-06-27,327.100006,327.100006,327.100006,327.100006,327.100006,100
2007-06-28,21.5,21.5,21.5,21.5,21.5,0
2007-06-29,19.75,19.75,19.75,19.75,19.75,50
2007-07-02,30.01,30.01,30.01,30.01,30.01,18
2007-07-03,0.08,0.08,0.08,0.08,0.08,1
2007-07-05,56.0,56.0,56.0,56.0,56.0,15
2007-07-06,6.85,6.85,6.85,6.85,6.85,250
2007-07-09,27.0,27.0,27.0,27.0,27.0,200
2007-07-10,17.299999,17.299999,17.299999,17.299999,17.299999,20
2007-07-11,37.0,37.0,37.0,37.0,37.0,30
2007-07-12,45.700001,45.700001,45.700001,45.700001,45.700001,50
2007-07-13,21.5,21.5,21.5,21.5,21.5,0
2007-07-16,2.45,2.45,2.45,2.45,2.45,1600
2007-07-17,21.5,21.5,21.5,21.5,21.5,0
2007-07-18,27.25,27.25,27.25,27.25,27.25,75
2007-07-19,10.44,10.44,10.44,10.44,10.44,190
2007-07-20,36.25,36.25,36.25,36.25,36.25,140
2007-07-23,21.5,21.5,21.5,21.5,21.5,0
2007-07-24,11.5,11.5,11.5,11.5,11.5,119
2007-07-25,8.41,8.41,8.41,8.41,8.41,150
2007-07-26,11.2,11.2,11.2,11.2,11.2,194
2007-07-27,9.99,9.99,9.99,9.99,9.99,14
2007-07-30,19.700001,19.700001,19.700001,19.700001,19.700001,139
2007-07-31,50.0,50.0,50.0,50.0,50.0,0
2007-08-01,2.5,2.5,2.5,2.5,2.5,90
2007-08-02,6.64,6.64,6.64,6.64,6.64,200
2007-08-03,0.9,0.9,0.9,0.9,0.9,160
2007-08-06,0.35,0.35,0.35,0.35,0.35,533
2007-08-07,0.27,0.27,0.27,0.27,0.27,1250
2007-08-08,1.12,1.12,1.12,1.12,1.12,1000
2007-08-09,21.5,21.5,21.5,21.5,21.5,0
2007-08-10,25.530001000000002,25.530001000000002,25.530001000000002,25.530001000000002,25.530001000000002,610
2007-08-13,0.048,0.048,0.048,0.048,0.048,27000
2007-08-14,15.05,15.05,15.05,15.05,15.05,1800
2007-08-15,16.809998999999998,16.809998999999998,16.809998999999998,16.809998999999998,16.809998999999998,60
2007-08-16,3.58,3.58,3.58,3.58,3.58,1999
2007-08-17,16.0,16.0,16.0,16.0,16.0,99
2007-08-20,21.5,21.5,21.5,21.5,21.5,0
2007-08-21,14.58,14.58,14.58,14.58,14.58,150
2007-08-22,0.237,0.237,0.237,0.237,0.237,1500
2007-08-23,21.5,21.5,21.5,21.5,21.5,0
2007-08-24,1.3,1.3,1.3,1.3,1.3,284
2007-08-27,0.58,0.58,0.58,0.58,0.58,1250
2007-08-28,2.65,2.65,2.65,2.65,2.65,83
2007-08-29,21.5,21.5,21.5,21.5,21.5,0
2007-08-30,21.5,21.5,21.5,21.5,21.5,0
2007-08-31,62.810001,62.810001,62.810001,62.810001,62.810001,40
2007-09-04,5.43,5.43,5.43,5.43,5.43,100
2007-09-05,51.5,51.5,51.5,51.5,51.5,500
2007-09-06,58.32,58.32,58.32,58.32,58.32,500
2007-09-07,2.3,2.3,2.3,2.3,2.3,69
2007-09-10,10.99,10.99,10.99,10.99,10.99,44
2007-09-11,18.0,18.0,18.0,18.0,18.0,315
2007-09-12,0.45,0.45,0.45,0.45,0.45,3500
2007-09-13,21.5,21.5,21.5,21.5,21.5,0
2007-09-14,45.48,45.48,45.48,45.48,45.48,39
2007-09-17,5.99,5.99,5.99,5.99,5.99,28000
2007-09-18,46.200001,46.200001,46.200001,46.200001,46.200001,43
2007-09-19,21.5,21.5,21.5,21.5,21.5,0
2007-09-20,20.610001,20.610001,20.610001,20.610001,20.610001,25
2007-09-21,34.0,34.0,34.0,34.0,34.0,26
2007-09-24,49.470001,49.470001,49.470001,49.470001,49.470001,35
2007-09-25,3.14,3.14,3.14,3.14,3.14,4300
2007-09-26,86.349998,86.349998,86.349998,86.349998,86.349998,454
2007-09-27,7.9,7.9,7.9,7.9,7.9,10
2007-09-28,39.48,39.48,39.48,39.48,39.48,4
2007-10-01,4.2,4.2,4.2,4.2,4.2,1250
2007-10-02,14.21,14.21,14.21,14.21,14.21,200
2007-10-03,40.080002,40.080002,40.080002,40.080002,40.080002,180
2007-10-04,10.3,10.3,10.3,10.3,10.3,341
2007-10-05,0.37,0.37,0.37,0.37,0.37,20500
2007-10-08,16.43,16.43,16.43,16.43,16.43,60
2007-10-09,16.889999,16.889999,16.889999,16.889999,16.889999,480
2007-10-10,18.59,18.59,18.59,18.59,18.59,100
2007-10-11,3.45,3.45,3.45,3.45,3.45,200
2007-10-12,0.44,0.44,0.44,0.44,0.44,1400
2007-10-15,17.209999,17.209999,17.209999,17.209999,17.209999,67
2007-10-16,21.34,21.34,21.34,21.34,21.34,27
2007-10-17,3.18,3.18,3.18,3.18,3.18,1000
2007-10-18,4.56,4.56,4.56,4.56,4.56,300
2007-10-19,3.83,3.83,3.83,3.83,3.83,400
2007-10-22,2.34,2.34,2.34,2.34,2.34,170
2007-10-23,40.0,40.0,40.0,40.0,40.0,15
2007-10-24,1.83,1.83,1.83,1.83,1.83,25
2007-10-25,55.009997999999996,55.009997999999996,55.009997999999996,55.009997999999996,55.009997999999996,30
2007-10-26,1.35,1.35,1.35,1.35,1.35,300
2007-10-29,46.0,46.0,46.0,46.0,46.0,100
2007-10-30,34.09,34.09,34.09,34.09,34.09,100
2007-10-31,28.15,28.15,28.15,28.15,28.15,4000
2007-11-01,2.85,2.85,2.85,2.85,2.85,181
2007-11-02,16.1,16.1,16.1,16.1,16.1,50
2007-11-05,4.9,4.9,4.9,4.9,4.9,1000
2007-11-06,21.299999,21.299999,21.299999,21.299999,21.299999,50
2007-11-07,21.5,21.5,21.5,21.5,21.5,0
2007-11-08,21.5,21.5,21.5,21.5,21.5,0
2007-11-09,0.017,0.017,0.017,0.017,0.017,300
2007-11-12,17.5,17.5,17.5,17.5,17.5,100
2007-11-13,0.23,0.23,0.23,0.23,0.23,85000
2007-11-14,19.99,19.99,19.99,19.99,19.99,20
2007-11-15,0.131,0.131,0.131,0.131,0.131,6000
2007-11-16,0.002,0.002,0.002,0.002,0.002,300
2007-11-19,7.5,7.5,7.5,7.5,7.5,50
2007-11-20,54.5,54.5,54.5,54.5,54.5,19
2007-11-21,21.5,21.5,21.5,21.5,21.5,0
2007-11-23,11.0,11.0,11.0,11.0,11.0,600
2007-11-26,5.09,5.09,5.09,5.09,5.09,4
2007-11-27,1.2,1.2,1.2,1.2,1.2,10
2007-11-28,21.5,21.5,21.5,21.5,21.5,0
2007-11-29,16.299999,16.299999,16.299999,16.299999,16.299999,2000
2007-11-30,44.779999,44.779999,44.779999,44.779999,44.779999,1270
2007-12-03,53.509997999999996,53.509997999999996,53.509997999999996,53.509997999999996,53.509997999999996,50
2007-12-04,8.91,8.91,8.91,8.91,8.91,5000
2007-12-05,5.18,5.18,5.18,5.18,5.18,200
2007-12-06,730.0,730.0,730.0,730.0,730.0,2
2007-12-07,2.82,2.82,2.82,2.82,2.82,500
2007-12-10,65.089996,65.089996,65.089996,65.089996,65.089996,34
2007-12-11,41.0,41.0,41.0,41.0,41.0,100
2007-12-12,0.77,0.77,0.77,0.77,0.77,50
2007-12-13,6.0,6.0,6.0,6.0,6.0,250
2007-12-14,9.11,9.11,9.11,9.11,9.11,3
2007-12-17,0.47,0.47,0.47,0.47,0.47,300
2007-12-18,0.02,0.02,0.02,0.02,0.02,500
2007-12-19,12.12,12.12,12.12,12.12,12.12,350
2007-12-20,2.21,2.21,2.21,2.21,2.21,250
2007-12-21,35.73,35.73,35.73,35.73,35.73,130
2007-12-27,17.0,17.0,17.0,17.0,17.0,80
2007-12-28,0.9,0.9,0.9,0.9,0.9,43
2008-01-02,23.639999,23.639999,23.639999,23.639999,23.639999,6
2008-01-03,2.71,2.71,2.71,2.71,2.71,150
2008-01-04,34.43,34.43,34.43,34.43,34.43,70
2008-01-07,4.09,4.09,4.09,4.09,4.09,333
2008-01-08,2.7,2.7,2.7,2.7,2.7,500
2008-01-09,6.7,6.7,6.7,6.7,6.7,5
2008-01-10,40.009997999999996,40.009997999999996,40.009997999999996,40.009997999999996,40.009997999999996,25
2008-01-11,0.3,0.3,0.3,0.3,0.3,199
2008-01-14,35.900002,35.900002,35.900002,35.900002,35.900002,260
2008-01-15,34.200001,34.200001,34.200001,34.200001,34.200001,1000
2008-01-16,7.75,7.75,7.75,7.75,7.75,90
2008-01-17,26.9,26.9,26.9,26.9,26.9,2000
2008-01-18,49.41,49.41,49.41,49.41,49.41,20
2008-01-22,26.92,26.92,26.92,26.92,26.92,25
2008-01-23,14.07,14.07,14.07,14.07,14.07,150
2008-01-24,5.5,5.5,5.5,5.5,5.5,197400
2008-01-25,11.61,11.61,11.61,11.61,11.61,7500
2008-01-28,25.41,25.41,25.41,25.41,25.41,280
2008-01-29,2.01,2.01,2.01,2.01,2.01,1025
2008-01-30,11.49,11.49,11.49,11.49,11.49,70
2008-01-31,3.51,3.51,3.51,3.51,3.51,90
2008-02-01,1.95,1.95,1.95,1.95,1.95,150
2008-02-04,2.49,2.49,2.49,2.49,2.49,350
2008-02-05,0.52,0.52,0.52,0.52,0.52,73
2008-02-06,21.5,21.5,21.5,21.5,21.5,160
2008-02-07,21.5,21.5,21.5,21.5,21.5,0
2008-02-08,15.32,15.32,15.32,15.32,15.32,123
2008-02-11,1006.23999,1006.23999,1006.23999,1006.23999,1006.23999,27
2008-02-12,14.33,14.33,14.33,14.33,14.33,55
2008-02-13,0.234,0.234,0.234,0.234,0.234,100
2008-02-14,3.66,3.66,3.66,3.66,3.66,300
2008-02-15,101.050003,101.050003,101.050003,101.050003,101.050003,30
2008-02-19,1.34,1.34,1.34,1.34,1.34,200
2008-02-20,0.95,0.95,0.95,0.95,0.95,8
2008-02-21,19.440001000000002,19.440001000000002,19.440001000000002,19.440001000000002,19.440001000000002,115
2008-02-22,6.68,6.68,6.68,6.68,6.68,500
2008-02-25,58.0,58.0,58.0,58.0,58.0,750
2008-02-26,3.1,3.1,3.1,3.1,3.1,50
2008-02-27,1.02,1.02,1.02,1.02,1.02,300
2008-02-28,10.0,10.0,10.0,10.0,10.0,50
2008-02-29,1.79,1.79,1.79,1.79,1.79,200
2008-03-03,26.799999,26.799999,26.799999,26.799999,26.799999,1000
2008-03-04,29.860001,29.860001,29.860001,29.860001,29.860001,300
2008-03-05,26.4,26.4,26.4,26.4,26.4,200
2008-03-06,7.93,7.93,7.93,7.93,7.93,100
2008-03-07,0.85,0.85,0.85,0.85,0.85,5000
2008-03-10,2.81,2.81,2.81,2.81,2.81,38
2008-03-11,37.650002,37.650002,37.650002,37.650002,37.650002,160
2008-03-12,26.67,26.67,26.67,26.67,26.67,200
2008-03-13,4.78,4.78,4.78,4.78,4.78,4144
2008-03-14,0.94,0.94,0.94,0.94,0.94,100
2008-03-17,205.100006,205.100006,205.100006,205.100006,205.100006,2000
2008-03-18,55.830002,55.830002,55.830002,55.830002,55.830002,1
2008-03-19,5.75,5.75,5.75,5.75,5.75,50
2008-03-20,1.54,1.54,1.54,1.54,1.54,40
2008-03-25,30.9,30.9,30.9,30.9,30.9,100
2008-03-26,1.07,1.07,1.07,1.07,1.07,20
2008-03-27,36.18,36.18,36.18,36.18,36.18,200
2008-03-28,7.8,7.8,7.8,7.8,7.8,420
2008-03-31,5.53,5.53,5.53,5.53,5.53,500
2008-04-01,21.5,21.5,21.5,21.5,21.5,0
2008-04-02,19.9,19.9,19.9,19.9,19.9,200
2008-04-03,25.0,25.0,25.0,25.0,25.0,200
2008-04-04,4.53,4.53,4.53,4.53,4.53,200
2008-04-07,17.93,17.93,17.93,17.93,17.93,400
2008-04-08,1.77,1.77,1.77,1.77,1.77,2000
2008-04-09,6.55,6.55,6.55,6.55,6.55,150
2008-04-10,2.19,2.19,2.19,2.19,2.19,1000
2008-04-11,15.2,15.2,15.2,15.2,15.2,55
2008-04-14,35.0,35.0,35.0,35.0,35.0,8
2008-04-15,37.779999,37.779999,37.779999,37.779999,37.779999,140
2008-04-16,3.36,3.36,3.36,3.36,3.36,600
2008-04-17,33.59,33.59,33.59,33.59,33.59,14
2008-04-18,14.11,14.11,14.11,14.11,14.11,200
2008-04-21,5.0,5.0,5.0,5.0,5.0,10
2008-04-22,468.82000700000003,468.82000700000003,468.82000700000003,468.82000700000003,468.82000700000003,1000
2008-04-23,27.440001000000002,27.440001000000002,27.440001000000002,27.440001000000002,27.440001000000002,10
2008-04-24,164.5,164.5,164.5,164.5,164.5,500
2008-04-25,20.76,20.76,20.76,20.76,20.76,51
2008-04-28,0.035,0.035,0.035,0.035,0.035,120
2008-04-29,8.6,8.6,8.6,8.6,8.6,1600
2008-04-30,23.4,23.4,23.4,23.4,23.4,40
2008-05-02,18.799999,18.799999,18.799999,18.799999,18.799999,237
2008-05-05,17.870001000000002,17.870001000000002,17.870001000000002,17.870001000000002,17.870001000000002,300
2008-05-06,6.02,6.02,6.02,6.02,6.02,5
2008-05-07,4.0,4.0,4.0,4.0,4.0,200
2008-05-08,4.0,4.0,4.0,4.0,4.0,13705
2008-05-09,0.56,0.56,0.56,0.56,0.56,250
2008-05-12,40.32,40.32,40.32,40.32,40.32,22
2008-05-13,36.080002,36.080002,36.080002,36.080002,36.080002,5250
2008-05-14,24.49,24.49,24.49,24.49,24.49,6000
2008-05-15,0.248,0.248,0.248,0.248,0.248,165
2008-05-16,46.990002000000004,46.990002000000004,46.990002000000004,46.990002000000004,46.990002000000004,10
2008-05-19,2.5,2.5,2.5,2.5,2.5,25
2008-05-20,1.5,1.5,1.5,1.5,1.5,250
2008-05-21,43.720001,43.720001,43.720001,43.720001,43.720001,100
2008-05-22,2.65,2.65,2.65,2.65,2.65,499
2008-05-23,16.0,16.0,16.0,16.0,16.0,96
2008-05-27,26.02,26.02,26.02,26.02,26.02,50
2008-05-28,1.5,1.5,1.5,1.5,1.5,120
2008-05-29,14.04,14.04,14.04,14.04,14.04,200
2008-05-30,29.379998999999998,29.379998999999998,29.379998999999998,29.379998999999998,29.379998999999998,40
2008-06-02,31.110001,31.110001,31.110001,31.110001,31.110001,149
2008-06-03,3.96,3.96,3.96,3.96,3.96,69
2008-06-04,32.0,32.0,32.0,32.0,32.0,10
2008-06-05,3.3,3.3,3.3,3.3,3.3,49
2008-06-06,33.810001,33.810001,33.810001,33.810001,33.810001,800
2008-06-09,8.0,8.0,8.0,8.0,8.0,100
2008-06-10,22.709999,22.709999,22.709999,22.709999,22.709999,100
2008-06-11,17.32,17.32,17.32,17.32,17.32,100
2008-06-12,11.15,11.15,11.15,11.15,11.15,2500
2008-06-13,61.200001,61.200001,61.200001,61.200001,61.200001,12
2008-06-16,232.0,232.0,232.0,232.0,232.0,200
2008-06-17,17.26,17.26,17.26,17.26,17.26,20000
2008-06-18,1.55,1.55,1.55,1.55,1.55,620
2008-06-19,4.26,4.26,4.26,4.26,4.26,15400
2008-06-20,5.33,5.33,5.33,5.33,5.33,118
2008-06-23,11.01,11.01,11.01,11.01,11.01,120
2008-06-24,7.87,7.87,7.87,7.87,7.87,2000
2008-06-25,20.6,20.6,20.6,20.6,20.6,200
2008-06-26,3.3,3.3,3.3,3.3,3.3,300
2008-06-27,3.15,3.15,3.15,3.15,3.15,4
2008-06-30,12.11,12.11,12.11,12.11,12.11,2
2008-07-01,10.54,10.54,10.54,10.54,10.54,102
2008-07-02,43.799999,43.799999,43.799999,43.799999,43.799999,30
2008-07-03,13.21,13.21,13.21,13.21,13.21,72
2008-07-07,1.85,1.85,1.85,1.85,1.85,600
2010-05-07,27.424999,27.424999,27.424999,27.424999,27.424999,0
2010-06-18,29.209999,29.209999,29.209999,29.209999,29.209999,35
2010-09-20,27.120001000000002,27.120001000000002,27.120001000000002,27.120001000000002,27.120001000000002,0
2010-11-17,26.49,26.49,26.49,26.49,26.49,0
2011-11-17,26.49,26.49,26.49,26.49,26.49,0
2011-11-18,26.49,26.49,26.49,26.49,26.49,0
2011-11-21,26.49,26.49,26.49,26.49,26.49,0
2011-11-22,26.49,26.49,26.49,26.49,26.49,0
2011-11-23,26.49,26.49,26.49,26.49,26.49,0
2011-11-25,26.49,26.49,26.49,26.49,26.49,0
2011-11-28,26.49,26.49,26.49,26.49,26.49,0
2011-11-29,26.49,26.49,26.49,26.49,26.49,0
2011-11-30,26.49,26.49,26.49,26.49,26.49,0
2011-12-01,26.49,26.49,26.49,26.49,26.49,0
2011-12-02,26.49,26.49,26.49,26.49,26.49,0
2011-12-05,26.49,26.49,26.49,26.49,26.49,0
2011-12-06,26.49,26.49,26.49,26.49,26.49,0
2011-12-07,26.49,26.49,26.49,26.49,26.49,0
2011-12-08,26.49,26.49,26.49,26.49,26.49,0
2011-12-09,26.49,26.49,26.49,26.49,26.49,0
2011-12-12,26.49,26.49,26.49,26.49,26.49,0
2011-12-13,26.49,26.49,26.49,26.49,26.49,0
2011-12-14,26.49,26.49,26.49,26.49,26.49,0
2011-12-15,26.49,26.49,26.49,26.49,26.49,0
2011-12-16,26.49,26.49,26.49,26.49,26.49,0
2011-12-19,26.49,26.49,26.49,26.49,26.49,0
2011-12-20,26.49,26.49,26.49,26.49,26.49,0
2011-12-21,26.49,26.49,26.49,26.49,26.49,0
2011-12-22,26.49,26.49,26.49,26.49,26.49,0
2011-12-23,26.49,26.49,26.49,26.49,26.49,0
2011-12-27,26.49,26.49,26.49,26.49,26.49,0
2011-12-28,26.49,26.49,26.49,26.49,26.49,0
2011-12-29,26.49,26.49,26.49,26.49,26.49,0
2011-12-30,26.49,26.49,26.49,26.49,26.49,0
2012-01-03,26.49,26.49,26.49,26.49,26.49,0
2012-01-04,26.49,26.49,26.49,26.49,26.49,0
2012-01-05,26.49,26.49,26.49,26.49,26.49,0
2012-01-06,26.49,26.49,26.49,26.49,26.49,0
2012-01-09,26.49,26.49,26.49,26.49,26.49,0
2012-01-10,26.49,26.49,26.49,26.49,26.49,0
2012-01-11,26.49,26.49,26.49,26.49,26.49,0
2012-01-12,26.49,26.49,26.49,26.49,26.49,0
2012-01-13,26.49,26.49,26.49,26.49,26.49,0
2012-01-17,26.49,26.49,26.49,26.49,26.49,0
2012-01-18,26.49,26.49,26.49,26.49,26.49,0
2012-01-19,26.49,26.49,26.49,26.49,26.49,0
2012-01-20,26.49,26.49,26.49,26.49,26.49,0
2012-01-23,26.49,26.49,26.49,26.49,26.49,0
2012-01-24,26.49,26.49,26.49,26.49,26.49,0
2012-01-25,26.49,26.49,26.49,26.49,26.49,0
2012-01-26,26.49,26.49,26.49,26.49,26.49,0
2012-01-27,26.49,26.49,26.49,26.49,26.49,0
2012-01-30,26.49,26.49,26.49,26.49,26.49,0
2012-01-31,26.49,26.49,26.49,26.49,26.49,0
2012-02-01,26.49,26.49,26.49,26.49,26.49,0
2012-02-02,26.49,26.49,26.49,26.49,26.49,0
2012-02-03,26.49,26.49,26.49,26.49,26.49,0
2012-02-06,26.49,26.49,26.49,26.49,26.49,0
2012-02-07,26.49,26.49,26.49,26.49,26.49,0
2012-02-08,26.49,26.49,26.49,26.49,26.49,0
2012-02-09,26.49,26.49,26.49,26.49,26.49,0
2012-02-10,26.49,26.49,26.49,26.49,26.49,0
2012-02-13,26.49,26.49,26.49,26.49,26.49,0
2012-02-14,26.49,26.49,26.49,26.49,26.49,0
2012-02-15,26.49,26.49,26.49,26.49,26.49,0
2012-02-16,26.49,26.49,26.49,26.49,26.49,0
2012-02-17,26.49,26.49,26.49,26.49,26.49,0
2012-02-21,26.49,26.49,26.49,26.49,26.49,0
2012-02-22,26.49,26.49,26.49,26.49,26.49,0
2012-02-23,26.49,26.49,26.49,26.49,26.49,0
2012-02-24,26.49,26.49,26.49,26.49,26.49,0
2012-02-27,26.49,26.49,26.49,26.49,26.49,0
2012-02-28,26.49,26.49,26.49,26.49,26.49,0
2012-02-29,26.49,26.49,26.49,26.49,26.49,0
2012-03-01,26.49,26.49,26.49,26.49,26.49,0
2012-03-02,26.49,26.49,26.49,26.49,26.49,0
2012-03-05,26.49,26.49,26.49,26.49,26.49,0
2012-03-06,26.49,26.49,26.49,26.49,26.49,0
2012-03-07,26.49,26.49,26.49,26.49,26.49,0
2012-03-08,26.49,26.49,26.49,26.49,26.49,0
2012-03-09,26.49,26.49,26.49,26.49,26.49,0
2012-03-12,26.49,26.49,26.49,26.49,26.49,0
2012-03-13,26.49,26.49,26.49,26.49,26.49,0
2012-03-14,26.49,26.49,26.49,26.49,26.49,0
2012-03-15,26.49,26.49,26.49,26.49,26.49,0
2012-03-16,26.49,26.49,26.49,26.49,26.49,0
2012-03-19,26.49,26.49,26.49,26.49,26.49,0
2012-03-20,26.49,26.49,26.49,26.49,26.49,0
2012-03-21,26.49,26.49,26.49,26.49,26.49,0
2012-03-22,26.49,26.49,26.49,26.49,26.49,0
2012-03-23,26.49,26.49,26.49,26.49,26.49,0
2012-03-26,26.49,26.49,26.49,26.49,26.49,0
2012-03-27,26.49,26.49,26.49,26.49,26.49,0
2012-03-28,26.49,26.49,26.49,26.49,26.49,0
2012-03-29,26.49,26.49,26.49,26.49,26.49,0
2012-03-30,26.49,26.49,26.49,26.49,26.49,0
2012-04-02,26.49,26.49,26.49,26.49,26.49,0
2012-04-03,26.49,26.49,26.49,26.49,26.49,0
2012-04-04,26.49,26.49,26.49,26.49,26.49,0
2012-04-05,26.49,26.49,26.49,26.49,26.49,0
2012-04-09,26.49,26.49,26.49,26.49,26.49,0
2012-04-10,26.49,26.49,26.49,26.49,26.49,0
2012-04-11,26.49,26.49,26.49,26.49,26.49,0
2012-04-12,26.49,26.49,26.49,26.49,26.49,0
2012-04-13,26.49,26.49,26.49,26.49,26.49,0
2012-04-16,26.49,26.49,26.49,26.49,26.49,0
2012-04-17,26.49,26.49,26.49,26.49,26.49,0
2012-04-18,26.49,26.49,26.49,26.49,26.49,0
2012-04-19,26.49,26.49,26.49,26.49,26.49,0
2012-04-20,26.49,26.49,26.49,26.49,26.49,0
2012-04-23,26.49,26.49,26.49,26.49,26.49,0
2012-04-24,26.49,26.49,26.49,26.49,26.49,0
2012-04-25,26.49,26.49,26.49,26.49,26.49,0
2012-04-26,26.49,26.49,26.49,26.49,26.49,0
2012-04-27,26.49,26.49,26.49,26.49,26.49,0
2012-04-30,26.49,26.49,26.49,26.49,26.49,0
2012-05-01,26.49,26.49,26.49,26.49,26.49,0
2012-05-02,26.49,26.49,26.49,26.49,26.49,0
2012-05-03,26.49,26.49,26.49,26.49,26.49,0
2012-05-04,26.49,26.49,26.49,26.49,26.49,0
2012-05-07,26.49,26.49,26.49,26.49,26.49,0
2012-05-08,26.49,26.49,26.49,26.49,26.49,0
2012-05-09,26.49,26.49,26.49,26.49,26.49,0
2012-05-10,26.49,26.49,26.49,26.49,26.49,0
2012-05-11,26.49,26.49,26.49,26.49,26.49,0
2012-05-14,26.49,26.49,26.49,26.49,26.49,0
2012-05-15,26.49,26.49,26.49,26.49,26.49,0
2012-05-16,26.49,26.49,26.49,26.49,26.49,0
2012-05-17,26.49,26.49,26.49,26.49,26.49,0
2012-05-18,26.49,26.49,26.49,26.49,26.49,0
2012-05-21,26.49,26.49,26.49,26.49,26.49,0
2012-05-22,26.49,26.49,26.49,26.49,26.49,0
2012-05-23,26.49,26.49,26.49,26.49,26.49,0
2012-05-24,26.49,26.49,26.49,26.49,26.49,0
2012-05-25,26.49,26.49,26.49,26.49,26.49,0
2012-05-29,26.49,26.49,26.49,26.49,26.49,0
2012-05-30,26.49,26.49,26.49,26.49,26.49,0
2012-05-31,26.49,26.49,26.49,26.49,26.49,0
2012-06-01,26.49,26.49,26.49,26.49,26.49,0
2012-06-04,26.49,26.49,26.49,26.49,26.49,0
2012-06-05,26.49,26.49,26.49,26.49,26.49,0
2012-06-06,26.49,26.49,26.49,26.49,26.49,0
2012-06-07,26.49,26.49,26.49,26.49,26.49,0
2012-06-08,26.49,26.49,26.49,26.49,26.49,0
2012-06-11,26.49,26.49,26.49,26.49,26.49,0
2012-06-12,26.49,26.49,26.49,26.49,26.49,0
2012-06-13,26.49,26.49,26.49,26.49,26.49,0
2012-06-14,26.49,26.49,26.49,26.49,26.49,0
2012-06-15,26.49,26.49,26.49,26.49,26.49,0
2012-06-18,26.49,26.49,26.49,26.49,26.49,0
2012-06-19,26.49,26.49,26.49,26.49,26.49,0
2012-06-20,26.49,26.49,26.49,26.49,26.49,0
2012-06-21,26.49,26.49,26.49,26.49,26.49,0
2012-06-22,26.49,26.49,26.49,26.49,26.49,0
2012-06-25,26.49,26.49,26.49,26.49,26.49,0
2012-06-26,26.49,26.49,26.49,26.49,26.49,0
2012-06-27,26.49,26.49,26.49,26.49,26.49,0
2012-06-28,26.49,26.49,26.49,26.49,26.49,0
2012-06-29,26.49,26.49,26.49,26.49,26.49,0
2012-07-02,26.49,26.49,26.49,26.49,26.49,0
2012-07-03,26.49,26.49,26.49,26.49,26.49,0
2012-07-05,26.49,26.49,26.49,26.49,26.49,0
2012-07-06,26.49,26.49,26.49,26.49,26.49,0
2012-07-09,26.49,26.49,26.49,26.49,26.49,0
2012-07-10,26.49,26.49,26.49,26.49,26.49,0
2012-07-11,26.49,26.49,26.49,26.49,26.49,0
2012-07-12,26.49,26.49,26.49,26.49,26.49,0
2012-07-13,26.49,26.49,26.49,26.49,26.49,0
2012-07-16,26.49,26.49,26.49,26.49,26.49,0
2012-07-17,26.49,26.49,26.49,26.49,26.49,0
2012-07-18,26.49,26.49,26.49,26.49,26.49,0
2012-07-19,26.49,26.49,26.49,26.49,26.49,0
2012-07-20,26.49,26.49,26.49,26.49,26.49,0
2012-07-23,26.49,26.49,26.49,26.49,26.49,0
2012-07-24,26.49,26.49,26.49,26.49,26.49,0
2012-07-25,26.49,26.49,26.49,26.49,26.49,0
2012-07-26,26.49,26.49,26.49,26.49,26.49,0
2012-07-27,26.49,26.49,26.49,26.49,26.49,0
2012-07-30,26.49,26.49,26.49,26.49,26.49,0
2012-07-31,26.49,26.49,26.49,26.49,26.49,0
2012-08-01,26.49,26.49,26.49,26.49,26.49,0
2012-08-02,26.49,26.49,26.49,26.49,26.49,0
2012-08-03,26.49,26.49,26.49,26.49,26.49,0
2012-08-06,26.49,26.49,26.49,26.49,26.49,0
2012-08-07,26.49,26.49,26.49,26.49,26.49,0
2012-08-08,26.49,26.49,26.49,26.49,26.49,0
2012-08-09,26.49,26.49,26.49,26.49,26.49,0
2012-08-10,26.49,26.49,26.49,26.49,26.49,0
2012-08-13,26.49,26.49,26.49,26.49,26.49,0
2012-08-14,26.49,26.49,26.49,26.49,26.49,0
2012-08-15,26.49,26.49,26.49,26.49,26.49,0
2012-08-16,26.49,26.49,26.49,26.49,26.49,0
2012-08-17,26.49,26.49,26.49,26.49,26.49,0
2012-08-20,26.49,26.49,26.49,26.49,26.49,0
2012-08-21,26.49,26.49,26.49,26.49,26.49,0
2012-08-22,26.49,26.49,26.49,26.49,26.49,0
2012-08-23,26.49,26.49,26.49,26.49,26.49,0
2012-08-24,26.49,26.49,26.49,26.49,26.49,0
2012-08-27,26.49,26.49,26.49,26.49,26.49,0
2012-08-28,26.49,26.49,26.49,26.49,26.49,0
2012-08-29,26.49,26.49,26.49,26.49,26.49,0
2012-08-30,26.49,26.49,26.49,26.49,26.49,0
2012-08-31,26.49,26.49,26.49,26.49,26.49,0
2012-09-04,26.49,26.49,26.49,26.49,26.49,0
2012-09-05,26.49,26.49,26.49,26.49,26.49,0
2012-09-06,26.49,26.49,26.49,26.49,26.49,0
2012-09-07,26.49,26.49,26.49,26.49,26.49,0
2012-09-10,26.49,26.49,26.49,26.49,26.49,0
2012-09-11,26.49,26.49,26.49,26.49,26.49,0
2012-09-12,26.49,26.49,26.49,26.49,26.49,0
2012-09-13,26.49,26.49,26.49,26.49,26.49,0
2012-09-14,26.49,26.49,26.49,26.49,26.49,0
2012-09-17,26.49,26.49,26.49,26.49,26.49,0
2012-09-18,26.49,26.49,26.49,26.49,26.49,0
2012-09-19,26.49,26.49,26.49,26.49,26.49,0
2012-09-20,26.49,26.49,26.49,26.49,26.49,0
2012-09-21,26.49,26.49,26.49,26.49,26.49,0
2012-09-24,26.49,26.49,26.49,26.49,26.49,0
2014-07-14,40.77,40.77,40.77,40.77,40.77,0
2014-07-15,40.466,40.466,40.466,40.466,40.466,0
2014-07-16,40.549,40.549,40.549,40.549,40.549,0
2014-07-17,40.604,40.604,40.604,40.604,40.604,0
2014-07-18,40.243999,40.243999,40.243999,40.243999,40.243999,0
2014-07-21,40.639,40.639,40.639,40.639,40.639,0
2014-07-22,40.719002,40.719002,40.719002,40.719002,40.719002,0
2014-07-23,40.730999,40.730999,40.730999,40.730999,40.730999,0
2014-07-24,40.817001,40.817001,40.817001,40.817001,40.817001,0
2014-07-25,40.772999,40.772999,40.772999,40.772999,40.772999,0
2014-07-28,40.478001,40.478001,40.478001,40.478001,40.478001,0
2014-07-29,41.075001,41.075001,41.075001,41.075001,41.075001,0
2014-07-30,40.706001,40.706001,40.706001,40.706001,40.706001,0
2014-07-31,40.249001,40.249001,40.249001,40.249001,40.249001,0
2014-08-01,39.676998,39.676998,39.676998,39.676998,39.676998,0
2014-08-04,40.006001,40.006001,40.006001,40.006001,40.006001,0
2014-08-05,39.924999,39.924999,39.924999,39.924999,39.924999,0
2014-08-06,39.022999,39.022999,39.022999,39.022999,39.022999,0
2014-08-07,38.596001,38.596001,38.596001,38.596001,38.596001,0
2014-08-08,38.855,38.855,38.855,38.855,38.855,0
2014-08-11,39.777,39.777,39.777,39.777,39.777,0
2014-08-12,39.855999,39.855999,39.855999,39.855999,39.855999,0
2014-08-13,39.814999,39.814999,39.814999,39.814999,39.814999,0
2014-08-14,40.213001,40.213001,40.213001,40.213001,40.213001,0
2014-08-15,40.529999,40.529999,40.529999,40.529999,40.529999,0
2014-08-18,40.743999,40.743999,40.743999,40.743999,40.743999,0
2014-08-19,40.849998,40.849998,40.849998,40.849998,40.849998,0
2014-08-20,41.560001,41.560001,41.560001,41.560001,41.560001,0
2014-08-21,41.824001,41.824001,41.824001,41.824001,41.824001,0
2014-08-22,41.924999,41.924999,41.924999,41.924999,41.924999,0
2014-08-25,42.087002000000005,42.087002000000005,42.087002000000005,42.087002000000005,42.087002000000005,0
2014-08-26,42.151001,42.151001,42.151001,42.151001,42.151001,0
2014-08-27,42.126999,42.126999,42.126999,42.126999,42.126999,0
2014-08-28,42.352001,42.352001,42.352001,42.352001,42.352001,0
2014-08-29,42.749001,42.749001,42.749001,42.749001,42.749001,0
2014-09-02,43.110001000000004,43.110001000000004,43.110001000000004,43.110001000000004,43.110001000000004,0
2014-09-03,42.604,42.604,42.604,42.604,42.604,0
2014-09-04,42.514998999999996,42.514998999999996,42.514998999999996,42.514998999999996,42.514998999999996,0
2014-09-05,42.953998999999996,42.953998999999996,42.953998999999996,42.953998999999996,42.953998999999996,0
2014-09-08,43.701,43.701,43.701,43.701,43.701,0
2014-09-09,43.814999,43.821999,43.814999,43.821999,43.821999,0
2014-09-10,43.191002000000005,43.191002000000005,43.191002000000005,43.191002000000005,43.191002000000005,0
2014-09-11,43.238997999999995,43.238997999999995,43.238997999999995,43.238997999999995,43.238997999999995,0
2014-09-12,43.606998,43.606998,43.606998,43.606998,43.606998,0
2014-09-15,42.306999,42.306999,42.306999,42.306999,42.306999,0
2014-09-16,42.283001,42.283001,42.283001,42.283001,42.283001,0
2014-09-17,42.810001,42.810001,42.810001,42.810001,42.810001,0
2014-09-18,42.783001,42.783001,42.783001,42.783001,42.783001,0
2014-09-19,42.493,42.493,42.493,42.493,42.493,0
2014-09-22,42.563999,42.563999,42.563999,42.563999,42.563999,0
2014-09-23,42.452999,42.452999,42.452999,42.452999,42.452999,0
2014-09-24,41.992001,41.992001,41.992001,41.992001,41.992001,0
2014-09-25,42.296001000000004,42.296001000000004,42.296001000000004,42.296001000000004,42.296001000000004,0
2014-09-26,41.964001,41.964001,41.964001,41.964001,41.964001,0
2014-09-29,42.292999,42.292999,42.292999,42.292999,42.292999,0
2014-09-30,42.389998999999996,42.389998999999996,42.389998999999996,42.389998999999996,42.389998999999996,0
2014-10-01,42.273998,42.273998,42.273998,42.273998,42.273998,0
2014-10-02,42.293999,42.293999,42.293999,42.293999,42.293999,0
2014-10-03,42.293999,42.293999,42.293999,42.293999,42.293999,0
2014-10-06,43.153999,43.153999,43.153999,43.153999,43.153999,0
2014-10-07,42.634997999999996,42.634997999999996,42.634997999999996,42.634997999999996,42.634997999999996,0
2014-10-08,42.895,42.895,42.657001,42.657001,42.657001,0
2014-10-09,43.745998,43.745998,43.745998,43.745998,43.745998,0
2014-10-10,43.119999,43.119999,43.119999,43.119999,43.119999,0
2014-10-13,43.237,43.237,43.237,43.237,43.237,0
2014-10-14,43.972,43.972,43.972,43.972,43.972,0
2014-10-15,45.285999,45.285999,45.285999,45.285999,45.285999,0
2014-10-16,44.386002000000005,44.386002000000005,44.386002000000005,44.386002000000005,44.386002000000005,0
2014-10-17,44.390999,44.390999,44.390999,44.390999,44.390999,0
2014-10-20,44.743,44.743,44.743,44.743,44.743,0
2014-10-21,45.061001,45.061001,45.061001,45.061001,45.061001,0
2014-10-22,45.955002,45.955002,45.955002,45.955002,45.955002,0
2014-10-23,46.634997999999996,46.634997999999996,46.634997999999996,46.634997999999996,46.634997999999996,0
2014-10-24,46.790001000000004,46.790001000000004,46.790001000000004,46.790001000000004,46.790001000000004,0
2014-10-27,47.174999,47.174999,47.174999,47.174999,47.174999,0
2014-10-28,47.400002,47.400002,47.400002,47.400002,47.400002,0
2014-10-29,48.216999,48.216999,48.216999,48.216999,48.216999,0
2014-10-30,48.769001,48.769001,48.769001,48.769001,48.769001,0
2014-10-31,50.632999,50.632999,50.632999,50.632999,50.632999,0
2014-11-03,50.117001,50.117001,50.117001,50.117001,50.117001,0
2014-11-04,50.289001,50.289001,50.289001,50.289001,50.289001,0
2014-11-05,49.326,49.326,49.326,49.326,49.326,0
2014-11-06,49.898998,49.898998,49.898998,49.898998,49.898998,0
2014-11-07,49.889998999999996,49.889998999999996,49.889998999999996,49.889998999999996,49.889998999999996,0
2014-11-10,50.040001000000004,50.040001000000004,50.040001000000004,50.040001000000004,50.040001000000004,0
2014-11-11,50.700001,50.700001,50.700001,50.700001,50.700001,0
2014-11-12,50.203998999999996,50.203998999999996,50.203998999999996,50.203998999999996,50.203998999999996,0
2014-11-13,49.842999,49.842999,49.842999,49.842999,49.842999,0
2014-11-14,49.057999,49.057999,49.057999,49.057999,49.057999,0
2014-11-17,48.209,48.209,48.209,48.209,48.209,0
2014-11-18,49.312,49.312,49.312,49.312,49.312,0
2014-11-19,49.444,49.444,49.444,49.444,49.444,0
2014-11-20,48.994999,48.994999,48.994999,48.994999,48.994999,0
2014-11-21,49.09,49.09,49.09,49.09,49.09,0
2014-11-24,49.698002,49.698002,49.698002,49.698002,49.698002,0
2014-11-25,49.042,49.042,49.042,49.042,49.042,0
2014-11-26,49.140999,49.140999,49.140999,49.140999,49.140999,0
2014-11-28,49.547001,49.547001,49.547001,49.547001,49.547001,0
2014-12-04,4100.0,4200.0,3900.0,3900.0,3900.0,9600
2014-12-05,4000.0,4100.0,3900.0,3900.0,3900.0,3200
2014-12-08,4000.0,4000.0,3800.0,3800.0,3800.0,7800
2014-12-09,3800.0,3800.0,3800.0,3800.0,3800.0,46700
2014-12-10,4000.0,4000.0,3900.0,4000.0,4000.0,11800
2014-12-11,4100.0,4100.0,3800.0,3800.0,3800.0,18400
2014-12-12,3800.0,4000.0,3800.0,3900.0,3900.0,5400
2014-12-15,3900.0,3900.0,3900.0,3900.0,3900.0,14500
2014-12-16,3900.0,4000.0,3900.0,3900.0,3900.0,36900
2014-12-17,3900.0,3900.0,3600.0,3600.0,3600.0,71100
2014-12-18,3800.0,3800.0,3800.0,3800.0,3800.0,4500
2014-12-19,3900.0,3900.0,3600.0,3600.0,3600.0,2200
2014-12-22,3700.0,3800.0,3700.0,3800.0,3800.0,5800
2014-12-23,3700.0,3700.0,3700.0,3700.0,3700.0,27300
2014-12-24,3800.0,3800.0,3700.0,3800.0,3800.0,2400
2014-12-26,3900.0,3900.0,3900.0,3900.0,3900.0,100
2014-12-29,3900.0,3900.0,3700.0,3700.0,3700.0,1100
2014-12-30,3600.0,3700.0,3500.0,3500.0,3500.0,10200
2014-12-31,3800.0,3800.0,3500.0,3800.0,3800.0,30200
2015-01-02,3800.0,3800.0,3800.0,3800.0,3800.0,0
2015-01-05,3700.0,3700.0,3500.0,3500.0,3500.0,98700
2015-01-06,3500.0,3500.0,3300.0,3500.0,3500.0,23300
2015-01-07,3600.0,3600.0,3200.0,3300.0,3300.0,92500
2015-01-08,3600.0,3600.0,3300.0,3300.0,3300.0,1400
2015-01-09,3600.0,3600.0,3100.0,3400.0,3400.0,23600
2015-01-12,3700.0,3700.0,3300.0,3300.0,3300.0,12300
2015-01-13,3600.0,3600.0,3100.0,3300.0,3300.0,4900
2015-01-14,3600.0,3600.0,3000.0,3200.0,3200.0,31100
2015-01-15,3400.0,3400.0,3000.0,3200.0,3200.0,24400
2015-01-16,3300.0,3300.0,3000.0,3200.0,3200.0,78500
2015-01-20,3300.0,3300.0,3000.0,3200.0,3200.0,39400
2015-01-21,3200.0,3200.0,3000.0,3200.0,3200.0,55600
2015-01-22,3200.0,3200.0,3100.0,3100.0,3100.0,1400
2015-01-23,3100.0,3100.0,3000.0,3100.0,3100.0,27300
2015-01-26,3100.0,3200.0,3000.0,3200.0,3200.0,28400
2015-01-27,3000.0,3200.0,3000.0,3200.0,3200.0,3600
2015-01-28,3100.0,3100.0,3000.0,3100.0,3100.0,10600
2015-01-29,3200.0,3200.0,3100.0,3200.0,3200.0,6600
2015-01-30,3000.0,3200.0,3000.0,3200.0,3200.0,5600
2015-02-02,3100.0,3200.0,3000.0,3100.0,3100.0,31300
2015-02-03,2900.0,3100.0,2900.0,3100.0,3100.0,4900
2015-02-04,3000.0,3100.0,3000.0,3100.0,3100.0,5600
2015-02-05,2900.0,3200.0,2900.0,3200.0,3200.0,17700
2015-02-06,3100.0,3100.0,3100.0,3100.0,3100.0,7700
2015-02-09,3100.0,3100.0,2900.0,3100.0,3100.0,10700
2015-02-10,3000.0,3100.0,3000.0,3100.0,3100.0,10400
2015-02-11,3000.0,3200.0,3000.0,3100.0,3100.0,11600
2015-02-12,3100.0,3100.0,2900.0,2900.0,2900.0,46300
2015-02-13,3000.0,3100.0,3000.0,3100.0,3100.0,25600
2015-02-17,53.909,53.909,53.909,53.909,53.909,0
2015-02-18,3100.0,3100.0,3100.0,3100.0,3100.0,0
2015-02-19,3100.0,3100.0,3100.0,3100.0,3100.0,0
2015-02-20,3100.0,3100.0,3100.0,3100.0,3100.0,0
2015-02-23,3100.0,3100.0,3100.0,3100.0,3100.0,0
2015-02-24,3100.0,3100.0,3100.0,3100.0,3100.0,0
2015-02-25,3100.0,3100.0,3000.0,3000.0,3000.0,21900
2015-02-26,2900.0,3000.0,2900.0,3000.0,3000.0,13100
2015-02-27,3000.0,3100.0,2900.0,3100.0,3100.0,17700
2015-03-02,3000.0,3100.0,3000.0,3100.0,3100.0,6300
2015-03-03,2900.0,3100.0,2900.0,3100.0,3100.0,1800
2015-03-04,3100.0,3100.0,2900.0,3100.0,3100.0,65400
2015-03-05,3300.0,3300.0,2900.0,3100.0,3100.0,14500
2015-03-06,3000.0,3000.0,3000.0,3000.0,3000.0,13200
2015-03-09,3000.0,3100.0,3000.0,3100.0,3100.0,6700
2015-03-10,3400.0,3400.0,3000.0,3000.0,3000.0,6100
2015-03-11,3000.0,3100.0,3000.0,3000.0,3000.0,2200
2015-03-12,3300.0,3300.0,3000.0,3000.0,3000.0,19900
2015-03-13,3000.0,3100.0,3000.0,3000.0,3000.0,5700
2015-03-16,2800.0,3100.0,2800.0,3100.0,3100.0,36200
2015-03-17,3000.0,3100.0,3000.0,3100.0,3100.0,2100
2015-03-18,3000.0,3100.0,3000.0,3100.0,3100.0,1500
2015-03-19,3000.0,3000.0,3000.0,3000.0,3000.0,900
2015-03-20,3000.0,3000.0,2800.0,3000.0,3000.0,15000
2015-03-23,3000.0,3000.0,2900.0,3000.0,3000.0,24900
2015-03-24,3000.0,3000.0,3000.0,3000.0,3000.0,0
2015-03-25,3000.0,3000.0,3000.0,3000.0,3000.0,0
2015-03-26,3000.0,3000.0,3000.0,3000.0,3000.0,0
2015-03-27,3000.0,3000.0,3000.0,3000.0,3000.0,0
2015-03-30,3000.0,3000.0,3000.0,3000.0,3000.0,0
2015-03-31,3000.0,3000.0,3000.0,3000.0,3000.0,0
2015-04-01,3000.0,3000.0,3000.0,3000.0,3000.0,0
2015-04-02,3000.0,3000.0,3000.0,3000.0,3000.0,0
2015-04-06,3000.0,3000.0,3000.0,3000.0,3000.0,0
2015-04-07,3000.0,3000.0,3000.0,3000.0,3000.0,0
2015-04-08,3000.0,3000.0,3000.0,3000.0,3000.0,0
2015-04-09,3000.0,3000.0,3000.0,3000.0,3000.0,0
2015-04-10,3000.0,3000.0,3000.0,3000.0,3000.0,0
2015-04-13,3000.0,3000.0,3000.0,3000.0,3000.0,0
2015-04-14,3000.0,3000.0,3000.0,3000.0,3000.0,0
2015-04-15,3000.0,3000.0,3000.0,3000.0,3000.0,0
2015-04-16,3000.0,3000.0,3000.0,3000.0,3000.0,0
2015-04-17,3000.0,3000.0,3000.0,3000.0,3000.0,0
2015-04-20,3000.0,3000.0,3000.0,3000.0,3000.0,0
2015-04-21,3000.0,3000.0,3000.0,3000.0,3000.0,0
2015-04-22,3000.0,3000.0,3000.0,3000.0,3000.0,0
2015-04-23,3000.0,3000.0,3000.0,3000.0,3000.0,0
2015-04-24,3000.0,3000.0,3000.0,3000.0,3000.0,0
2015-04-27,3000.0,3000.0,3000.0,3000.0,3000.0,0
2015-04-28,3000.0,3000.0,3000.0,3000.0,3000.0,0
2015-04-29,3000.0,3000.0,3000.0,3000.0,3000.0,0
2015-04-30,3000.0,3000.0,3000.0,3000.0,3000.0,0
2015-05-01,3000.0,3000.0,3000.0,3000.0,3000.0,0
2015-05-04,3000.0,3000.0,3000.0,3000.0,3000.0,0
2015-05-05,3000.0,3000.0,3000.0,3000.0,3000.0,0
2015-05-06,3000.0,3000.0,3000.0,3000.0,3000.0,0
2015-05-07,3000.0,3000.0,3000.0,3000.0,3000.0,0
2015-05-08,3000.0,3000.0,3000.0,3000.0,3000.0,0
2015-05-11,3000.0,3000.0,3000.0,3000.0,3000.0,0
2015-05-12,3000.0,3000.0,3000.0,3000.0,3000.0,0
2015-05-13,3000.0,3000.0,3000.0,3000.0,3000.0,0
2015-05-14,3000.0,3000.0,3000.0,3000.0,3000.0,0
2015-05-15,3000.0,3000.0,3000.0,3000.0,3000.0,0
2015-05-18,3000.0,3000.0,3000.0,3000.0,3000.0,0
2015-05-19,3000.0,3000.0,3000.0,3000.0,3000.0,0
2015-05-20,3000.0,3000.0,3000.0,3000.0,3000.0,0
2015-05-21,2800.0,3000.0,2800.0,3000.0,3000.0,22100
2015-05-22,3000.0,3100.0,2900.0,3100.0,3100.0,37800
2015-05-26,3100.0,3100.0,3000.0,3100.0,3100.0,16300
2015-05-27,3100.0,3100.0,3000.0,3100.0,3100.0,22700
2015-05-28,3100.0,3100.0,3000.0,3100.0,3100.0,15100
2015-05-29,3000.0,3000.0,2900.0,3000.0,3000.0,83200
2015-06-01,54.262001,54.262001,54.262001,54.262001,54.262001,0
2015-06-02,3100.0,3100.0,3000.0,3000.0,3000.0,32900
2015-06-03,3000.0,3100.0,3000.0,3000.0,3000.0,18600
2015-06-04,51.450001,51.450001,51.450001,51.450001,51.450001,0
2015-06-05,3300.0,3300.0,3200.0,3200.0,3200.0,65600
2015-06-08,3500.0,3500.0,3100.0,3200.0,3200.0,107400
2015-06-09,3200.0,3200.0,3000.0,3100.0,3100.0,89800
2015-06-10,3000.0,3100.0,2900.0,3100.0,3100.0,56700
2015-06-11,2900.0,3100.0,2900.0,3000.0,3000.0,56100
2015-06-12,3100.0,3300.0,2900.0,3300.0,3300.0,463300
2015-06-15,3300.0,3500.0,3200.0,3300.0,3300.0,151600
2015-06-16,3400.0,3600.0,3300.0,3400.0,3400.0,89500
2015-06-17,3400.0,3400.0,3100.0,3300.0,3300.0,115000
2015-06-18,3300.0,3300.0,3100.0,3100.0,3100.0,51100
2015-06-19,3100.0,3300.0,3100.0,3200.0,3200.0,136600
2015-06-22,3300.0,3300.0,3100.0,3200.0,3200.0,59900
2015-06-23,3200.0,3200.0,2900.0,3100.0,3100.0,79700
2015-06-24,3000.0,3300.0,3000.0,3200.0,3200.0,222200
2015-06-25,3200.0,3200.0,3000.0,3100.0,3100.0,81200
2015-06-26,3000.0,3100.0,3000.0,3000.0,3000.0,101500
2015-06-29,3000.0,3300.0,2900.0,3300.0,3300.0,301400
2015-06-30,3400.0,3600.0,3200.0,3300.0,3300.0,235000
2015-07-01,3300.0,3300.0,3100.0,3300.0,3300.0,50500
2015-07-02,3300.0,3300.0,3100.0,3200.0,3200.0,73100
2015-07-06,3200.0,3300.0,3100.0,3100.0,3100.0,55500
2015-07-07,3100.0,3300.0,3100.0,3100.0,3100.0,31300
2015-07-08,3200.0,3200.0,3000.0,3000.0,3000.0,103600
2015-07-09,3200.0,3300.0,3100.0,3200.0,3200.0,164700
2015-07-10,3200.0,3300.0,3100.0,3200.0,3200.0,27900
2015-07-13,3200.0,3200.0,3000.0,3100.0,3100.0,33400
2015-07-14,3100.0,3200.0,3000.0,3000.0,3000.0,64900
2015-07-15,3100.0,3300.0,3100.0,3200.0,3200.0,105900
2015-07-16,3300.0,3300.0,3100.0,3100.0,3100.0,20400
2015-07-17,3200.0,3200.0,3100.0,3100.0,3100.0,37800
2015-07-20,3100.0,3100.0,3000.0,3000.0,3000.0,40700
2015-07-21,3200.0,3200.0,3000.0,3100.0,3100.0,5300
2015-07-22,3000.0,3200.0,3000.0,3000.0,3000.0,84800
2015-07-23,3100.0,3100.0,2900.0,3000.0,3000.0,34000
2015-07-24,3100.0,3100.0,2900.0,3000.0,3000.0,23800
2015-07-27,3100.0,3100.0,2900.0,3100.0,3100.0,54300
2015-07-28,3000.0,3100.0,3000.0,3100.0,3100.0,86700
2015-07-29,3000.0,3000.0,2800.0,2800.0,2800.0,108800
2015-07-30,2800.0,2900.0,2800.0,2800.0,2800.0,10200
2015-07-31,2900.0,3000.0,2800.0,2800.0,2800.0,25600
2015-08-03,3000.0,3000.0,2900.0,2900.0,2900.0,40400
2015-08-04,3000.0,3000.0,2800.0,3000.0,3000.0,24300
2015-08-05,3000.0,3000.0,2700.0,3000.0,3000.0,2000
2015-08-06,2800.0,2900.0,2700.0,2700.0,2700.0,48800
2015-08-07,2700.0,2900.0,2700.0,2700.0,2700.0,97000
2015-08-10,2800.0,2900.0,2800.0,2800.0,2800.0,31400
2015-08-11,2900.0,2900.0,2800.0,2800.0,2800.0,2100
2015-08-12,2600.0,2800.0,2600.0,2700.0,2700.0,7200
2015-08-13,2700.0,2900.0,2700.0,2800.0,2800.0,38100
2015-08-14,2900.0,3000.0,2900.0,3000.0,3000.0,51100
2015-08-17,2900.0,3000.0,2900.0,3000.0,3000.0,43800
2015-08-18,3000.0,3100.0,3000.0,3000.0,3000.0,17000
2015-08-19,2900.0,3100.0,2900.0,3000.0,3000.0,40700
2015-08-20,3000.0,3100.0,3000.0,3000.0,3000.0,129800
2015-08-21,3000.0,3000.0,2900.0,2900.0,2900.0,151100
2015-08-24,3000.0,3000.0,2700.0,2900.0,2900.0,133000
2015-08-25,2800.0,2800.0,2700.0,2700.0,2700.0,8000
2015-08-26,2800.0,2900.0,2800.0,2800.0,2800.0,3500
2015-08-27,2700.0,3000.0,2700.0,2800.0,2800.0,22100
2015-08-28,2700.0,3000.0,2700.0,2900.0,2900.0,61000
2015-08-31,2700.0,2900.0,2700.0,2800.0,2800.0,300
2015-09-01,2700.0,2900.0,2700.0,2700.0,2700.0,20500
2015-09-02,2700.0,2700.0,2700.0,2700.0,2700.0,0
2015-09-03,2700.0,2900.0,2700.0,2800.0,2800.0,12300
2015-09-04,2900.0,2900.0,2800.0,2800.0,2800.0,83300
2015-09-08,2800.0,2900.0,2800.0,2900.0,2900.0,44200
2015-09-09,2800.0,2800.0,2800.0,2800.0,2800.0,800
2015-09-10,2700.0,3000.0,2700.0,2800.0,2800.0,13200
2015-09-11,2900.0,3000.0,2800.0,2800.0,2800.0,12700
2015-09-14,2900.0,3000.0,2900.0,3000.0,3000.0,160300
2015-09-15,3000.0,3100.0,3000.0,3100.0,3100.0,82600
2015-09-16,3000.0,3200.0,2900.0,3200.0,3200.0,26400
2015-09-17,3100.0,3100.0,2900.0,2900.0,2900.0,29700
2015-09-18,2900.0,2900.0,2800.0,2800.0,2800.0,1400
2015-09-21,2900.0,3000.0,2900.0,3000.0,3000.0,113300
2015-09-22,3000.0,3100.0,3000.0,3100.0,3100.0,68800
2015-09-23,3100.0,3100.0,2900.0,2900.0,2900.0,400
2015-09-24,3000.0,3100.0,3000.0,3000.0,3000.0,65200
2015-09-25,2900.0,3000.0,2900.0,3000.0,3000.0,87300
2015-09-28,2900.0,2900.0,2900.0,2900.0,2900.0,51900
2015-09-29,2900.0,3000.0,2900.0,3000.0,3000.0,84400
2015-09-30,2800.0,2800.0,2800.0,2800.0,2800.0,100
2015-10-01,2900.0,2900.0,2800.0,2800.0,2800.0,1100
2015-10-02,2800.0,2800.0,2800.0,2800.0,2800.0,0
2015-10-05,3000.0,3000.0,2700.0,2700.0,2700.0,1100
2015-10-06,2800.0,2900.0,2800.0,2900.0,2900.0,2100
2015-10-07,3000.0,3000.0,2700.0,2900.0,2900.0,25100
2015-10-08,3000.0,3000.0,2800.0,2900.0,2900.0,9700
2015-10-09,2800.0,3000.0,2700.0,3000.0,3000.0,21800
2015-10-12,3300.0,3300.0,2800.0,2900.0,2900.0,45000
2015-10-13,2900.0,2900.0,2900.0,2900.0,2900.0,1100
2015-10-14,2800.0,2800.0,2800.0,2800.0,2800.0,12100
2015-10-15,2900.0,2900.0,2800.0,2800.0,2800.0,5100
2015-10-16,2800.0,2900.0,2800.0,2900.0,2900.0,38000
2015-10-19,2900.0,2900.0,2900.0,2900.0,2900.0,14400
2015-10-20,2800.0,2800.0,2700.0,2800.0,2800.0,134700
2015-10-21,2900.0,3000.0,2700.0,3000.0,3000.0,59000
2015-10-22,3000.0,3000.0,2700.0,2800.0,2800.0,23600
2015-10-23,3000.0,3000.0,2700.0,2700.0,2700.0,36500
2015-10-26,2800.0,2800.0,2600.0,2600.0,2600.0,17600
2015-10-27,2800.0,2800.0,2400.0,2500.0,2500.0,72300
2015-10-28,2500.0,2700.0,2500.0,2700.0,2700.0,11900
2015-10-29,2900.0,2900.0,2600.0,2700.0,2700.0,4200
2015-10-30,2700.0,2700.0,2500.0,2500.0,2500.0,158100
2015-11-02,2700.0,2700.0,2500.0,2600.0,2600.0,51200
2015-11-03,2600.0,2700.0,2600.0,2700.0,2700.0,16300
2015-11-04,2900.0,2900.0,2500.0,2700.0,2700.0,34300
2015-11-05,2700.0,2700.0,2500.0,2500.0,2500.0,8700
2015-11-06,2700.0,2700.0,2500.0,2700.0,2700.0,27500
2015-11-09,2600.0,2600.0,2500.0,2600.0,2600.0,105000
2015-11-10,2800.0,2800.0,2400.0,2400.0,2400.0,430700
2015-11-11,2300.0,2500.0,2300.0,2400.0,2400.0,64200
2015-11-12,2600.0,2600.0,2400.0,2500.0,2500.0,27800
2015-11-13,2500.0,2500.0,2400.0,2500.0,2500.0,32200
2015-11-16,2600.0,2600.0,2400.0,2500.0,2500.0,133900
2015-11-17,2600.0,2600.0,2400.0,2500.0,2500.0,4900
2015-11-18,2500.0,2500.0,2300.0,2500.0,2500.0,28800
2015-11-19,2500.0,2500.0,2400.0,2400.0,2400.0,26700
2015-11-20,2400.0,2600.0,2400.0,2500.0,2500.0,121500
2015-11-23,2500.0,2500.0,2400.0,2400.0,2400.0,9000
2015-11-24,2400.0,2500.0,2400.0,2500.0,2500.0,5700
2015-11-25,2400.0,2500.0,2400.0,2400.0,2400.0,68300
2015-11-27,2400.0,2500.0,2400.0,2400.0,2400.0,1400
2015-11-30,2400.0,2400.0,2300.0,2400.0,2400.0,148800
2015-12-01,2500.0,2500.0,2400.0,2400.0,2400.0,300
2015-12-02,2400.0,2600.0,2400.0,2600.0,2600.0,60400
2015-12-03,2500.0,2500.0,2400.0,2400.0,2400.0,52600
2015-12-04,2500.0,2500.0,2400.0,2400.0,2400.0,1000
2015-12-07,2400.0,2400.0,2400.0,2400.0,2400.0,47100
2015-12-08,2400.0,2500.0,2400.0,2500.0,2500.0,8000
2015-12-09,2500.0,2500.0,2400.0,2400.0,2400.0,2100
2015-12-10,2300.0,2400.0,2300.0,2400.0,2400.0,14300
2015-12-11,2400.0,2500.0,2300.0,2500.0,2500.0,11100
2015-12-14,2300.0,2500.0,2300.0,2500.0,2500.0,80600
2015-12-15,2300.0,2300.0,2300.0,2300.0,2300.0,1200
2015-12-16,2300.0,2400.0,2300.0,2400.0,2400.0,1200
2015-12-17,2400.0,2400.0,2300.0,2400.0,2400.0,4800
2015-12-18,2300.0,2400.0,2200.0,2400.0,2400.0,33300
2015-12-21,2300.0,2400.0,2300.0,2400.0,2400.0,700
2015-12-22,2300.0,2400.0,2200.0,2300.0,2300.0,5800
2015-12-23,2300.0,2400.0,2300.0,2400.0,2400.0,600
2015-12-24,2300.0,2400.0,2300.0,2400.0,2400.0,2400
2015-12-28,2400.0,2400.0,2300.0,2300.0,2300.0,17600
2015-12-29,2300.0,2400.0,2300.0,2400.0,2400.0,22600
2015-12-30,2400.0,2400.0,2400.0,2400.0,2400.0,500
2015-12-31,2400.0,2400.0,2300.0,2300.0,2300.0,16200
2016-01-04,2300.0,2400.0,2300.0,2400.0,2400.0,4400
2016-01-05,2400.0,2400.0,2400.0,2400.0,2400.0,600
2016-01-06,2400.0,2400.0,2400.0,2400.0,2400.0,400
2016-01-07,2300.0,2300.0,2300.0,2300.0,2300.0,61100
2016-01-08,2300.0,2300.0,2200.0,2300.0,2300.0,11100
2016-01-11,2200.0,2300.0,2200.0,2300.0,2300.0,13500
2016-01-12,2300.0,2300.0,2300.0,2300.0,2300.0,200
2016-01-13,2300.0,2300.0,2200.0,2300.0,2300.0,10400
2016-01-14,2300.0,2400.0,2300.0,2300.0,2300.0,73300
2016-01-15,2300.0,2400.0,2200.0,2400.0,2400.0,42200
2016-01-19,2300.0,2400.0,2300.0,2400.0,2400.0,12600
2016-01-20,2300.0,2400.0,2300.0,2400.0,2400.0,39100
2016-01-21,2300.0,2400.0,2300.0,2300.0,2300.0,65800
2016-01-22,2200.0,2300.0,2200.0,2300.0,2300.0,10100
2016-01-25,2400.0,2400.0,2300.0,2300.0,2300.0,28700
2016-01-26,2300.0,2400.0,2300.0,2400.0,2400.0,15700
2016-01-27,2400.0,2400.0,2400.0,2400.0,2400.0,21400
2016-01-28,2400.0,2500.0,2400.0,2400.0,2400.0,49900
2016-01-29,2400.0,2500.0,2400.0,2500.0,2500.0,52000
2016-02-01,2500.0,2500.0,2400.0,2500.0,2500.0,5200
2016-02-02,2500.0,2500.0,2500.0,2500.0,2500.0,0
2016-02-03,63.669998,63.669998,63.669998,63.669998,63.669998,0
2016-02-04,63.599998,63.599998,63.599998,63.599998,63.599998,0
2016-02-05,2400.0,2400.0,2400.0,2400.0,2400.0,2700
2016-02-08,2400.0,2400.0,2400.0,2400.0,2400.0,0
2016-02-09,2400.0,2400.0,2400.0,2400.0,2400.0,0
2016-02-10,2400.0,2400.0,2400.0,2400.0,2400.0,0
2016-02-11,2400.0,2400.0,2400.0,2400.0,2400.0,0
2016-02-12,2400.0,2400.0,2400.0,2400.0,2400.0,0
2016-02-16,2500.0,2500.0,2400.0,2400.0,2400.0,7100
2016-02-17,2400.0,2500.0,2300.0,2300.0,2300.0,92900
2016-02-18,2400.0,2500.0,2400.0,2400.0,2400.0,13800
2016-02-19,2400.0,2400.0,2400.0,2400.0,2400.0,0
2016-02-22,2400.0,2400.0,2400.0,2400.0,2400.0,0
2016-02-23,2400.0,2400.0,2400.0,2400.0,2400.0,0
2016-02-24,2400.0,2500.0,2400.0,2400.0,2400.0,3200
2016-02-25,2400.0,2400.0,2400.0,2400.0,2400.0,13800
2016-02-26,2500.0,2500.0,2400.0,2500.0,2500.0,5900
2016-02-29,2500.0,2500.0,2500.0,2500.0,2500.0,200
2016-03-01,2400.0,2500.0,2400.0,2500.0,2500.0,31300
2016-03-02,2400.0,2600.0,2400.0,2500.0,2500.0,65500
2016-03-03,2600.0,2600.0,2400.0,2400.0,2400.0,4400
2016-03-04,2500.0,2500.0,2500.0,2500.0,2500.0,4400
2016-03-07,2600.0,2600.0,2500.0,2600.0,2600.0,5200
2016-03-08,2500.0,2500.0,2400.0,2400.0,2400.0,58500
2016-03-09,2500.0,2500.0,2300.0,2500.0,2500.0,4600
2016-03-10,2500.0,2500.0,2300.0,2500.0,2500.0,15200
2016-03-11,2500.0,2500.0,2400.0,2400.0,2400.0,18500
2016-03-14,2400.0,2400.0,2300.0,2400.0,2400.0,20700
2016-03-15,2400.0,2400.0,2400.0,2400.0,2400.0,200
2016-03-16,2400.0,2500.0,2300.0,2300.0,2300.0,61600
2016-03-17,2400.0,2500.0,2300.0,2500.0,2500.0,9400
2016-03-18,2400.0,2500.0,2400.0,2500.0,2500.0,3100
2016-03-21,2500.0,2500.0,2500.0,2500.0,2500.0,500
2016-03-22,2500.0,2500.0,2300.0,2400.0,2400.0,150900
2016-03-23,65.898003,65.898003,65.898003,65.898003,65.898003,0
2016-03-24,2800.0,2800.0,2800.0,2800.0,2800.0,546200
2016-03-28,2600.0,2700.0,2600.0,2600.0,2600.0,58200
2016-03-29,2700.0,2700.0,2500.0,2600.0,2600.0,62700
2016-03-30,2500.0,2600.0,2500.0,2600.0,2600.0,63900
2016-03-31,2600.0,2600.0,2500.0,2500.0,2500.0,79500
2016-04-01,2500.0,2600.0,2400.0,2400.0,2400.0,43800
2016-04-04,64.435997,64.435997,64.435997,64.435997,64.435997,0
2016-04-05,2200.0,2300.0,2200.0,2200.0,2200.0,104100
2016-04-06,2300.0,2400.0,2300.0,2400.0,2400.0,97800
2016-04-07,2400.0,2500.0,2400.0,2500.0,2500.0,79000
2016-04-08,64.07800300000001,64.07800300000001,64.07800300000001,64.07800300000001,64.07800300000001,0
2016-04-11,63.916,63.916,63.916,63.916,63.916,0
2016-04-12,2300.0,2400.0,2200.0,2300.0,2300.0,121100
2016-04-13,2300.0,2400.0,2300.0,2400.0,2400.0,24100
2016-04-14,2400.0,2400.0,2300.0,2300.0,2300.0,8700
2016-04-15,2300.0,2300.0,2300.0,2300.0,2300.0,0
2016-04-18,2300.0,2300.0,2300.0,2300.0,2300.0,0
2016-04-19,2300.0,2300.0,2300.0,2300.0,2300.0,0
2016-04-20,64.817001,64.817001,64.817001,64.817001,64.817001,0
2016-04-21,2500.0,2500.0,2500.0,2500.0,2500.0,47300
2016-04-22,2400.0,2500.0,2300.0,2400.0,2400.0,182000
2016-04-25,63.028999,63.028999,63.028999,63.028999,63.028999,0
2016-04-26,2500.0,2500.0,2300.0,2300.0,2300.0,100500
2016-04-27,63.167999,63.167999,63.167999,63.167999,63.167999,0
2016-04-28,63.605999,63.605999,63.605999,63.605999,63.605999,0
2016-04-29,2300.0,2300.0,2300.0,2300.0,2300.0,0
2016-05-02,63.214001,63.214001,63.214001,63.214001,63.214001,0
2016-05-03,63.362999,63.362999,63.362999,63.362999,63.362999,0
2016-05-04,63.129002,63.129002,63.129002,63.129002,63.129002,0
2016-05-05,64.20300300000001,64.20300300000001,64.20300300000001,64.20300300000001,64.20300300000001,0
2016-05-06,64.096001,64.096001,64.096001,64.096001,64.096001,0
2016-05-09,63.888,63.888,63.888,63.888,63.888,0
2016-05-10,64.864998,64.864998,64.864998,64.864998,64.864998,0
2016-05-11,64.64299799999999,64.64299799999999,64.64299799999999,64.64299799999999,64.64299799999999,0
2016-05-12,64.389999,64.389999,64.389999,64.389999,64.389999,0
2016-05-13,64.596001,64.596001,64.596001,64.596001,64.596001,0
2016-05-16,2300.0,2300.0,2300.0,2300.0,2300.0,0
2016-05-17,2300.0,2300.0,2300.0,2300.0,2300.0,0
2016-05-18,2300.0,2300.0,2300.0,2300.0,2300.0,0
2016-05-19,2200.0,2300.0,2200.0,2300.0,2300.0,34500
2016-05-20,2300.0,2300.0,2300.0,2300.0,2300.0,0
2016-05-23,2300.0,2300.0,2200.0,2300.0,2300.0,17500
2016-05-24,2300.0,2300.0,2200.0,2200.0,2200.0,6100
2016-05-25,2200.0,2300.0,2200.0,2200.0,2200.0,22600
2016-05-26,2200.0,2300.0,2200.0,2300.0,2300.0,20000
2016-05-27,2200.0,2300.0,2200.0,2300.0,2300.0,24200
2016-05-31,2200.0,2300.0,2200.0,2300.0,2300.0,58900
2016-06-01,2200.0,2300.0,2200.0,2300.0,2300.0,2200
2016-06-02,2200.0,2300.0,2200.0,2200.0,2200.0,56000
2016-06-03,2300.0,2400.0,2300.0,2300.0,2300.0,130100
2016-06-06,2300.0,2400.0,2300.0,2400.0,2400.0,54000
2016-06-07,2300.0,2300.0,2200.0,2300.0,2300.0,46100
2016-06-08,2200.0,2400.0,2200.0,2300.0,2300.0,45900
2016-06-09,2400.0,2400.0,2200.0,2300.0,2300.0,11000
2016-06-10,2300.0,2400.0,2300.0,2400.0,2400.0,58500
2016-06-13,2300.0,2400.0,2200.0,2300.0,2300.0,29900
2016-06-14,2300.0,2300.0,2200.0,2300.0,2300.0,7600
2016-06-15,2200.0,2300.0,2200.0,2200.0,2200.0,20700
2016-06-16,2300.0,2300.0,2200.0,2300.0,2300.0,52500
2016-06-17,2200.0,2300.0,2200.0,2300.0,2300.0,15300
2016-06-20,2200.0,2300.0,2200.0,2300.0,2300.0,16200
2016-06-21,2200.0,2300.0,2200.0,2200.0,2200.0,28000
2016-06-22,2200.0,2200.0,2100.0,2200.0,2200.0,71100
2016-06-23,2300.0,2300.0,2200.0,2200.0,2200.0,8100
2016-06-24,2200.0,2200.0,2100.0,2200.0,2200.0,79100
2016-06-27,2200.0,2200.0,2100.0,2100.0,2100.0,12300
2016-06-28,2100.0,2200.0,2000.0,2200.0,2200.0,90300
2016-06-29,2200.0,2200.0,2100.0,2200.0,2200.0,93700
2016-06-30,2100.0,2200.0,2100.0,2200.0,2200.0,55100
2016-07-01,2200.0,2200.0,2100.0,2200.0,2200.0,20800
2016-07-05,2200.0,2200.0,2100.0,2200.0,2200.0,6300
2016-07-06,2100.0,2200.0,2100.0,2200.0,2200.0,48300
2016-07-07,2100.0,2200.0,2100.0,2200.0,2200.0,32400
2016-07-08,2200.0,2200.0,2100.0,2200.0,2200.0,42900
2016-07-11,2200.0,2200.0,2100.0,2200.0,2200.0,41600
2016-07-12,2200.0,2200.0,2200.0,2200.0,2200.0,16800
2016-07-13,2100.0,2200.0,2100.0,2200.0,2200.0,3300
2016-07-14,2200.0,2300.0,2100.0,2200.0,2200.0,15500
2016-07-15,2100.0,2200.0,2100.0,2200.0,2200.0,38200
2016-07-18,2200.0,2300.0,2100.0,2200.0,2200.0,65500
2016-07-19,2100.0,2200.0,2100.0,2200.0,2200.0,3900
2016-07-20,2100.0,2100.0,2100.0,2100.0,2100.0,29600
2016-07-21,2100.0,2200.0,2000.0,2200.0,2200.0,35800
2016-07-22,2100.0,2100.0,2100.0,2100.0,2100.0,27300
2016-07-25,2100.0,2200.0,2100.0,2200.0,2200.0,28100
2016-07-26,2100.0,2200.0,2100.0,2100.0,2100.0,20400
2016-07-27,2100.0,2100.0,2100.0,2100.0,2100.0,17500
2016-07-28,2100.0,2100.0,2000.0,2100.0,2100.0,25900
2016-07-29,2000.0,2100.0,2000.0,2100.0,2100.0,42700
2016-08-01,2000.0,2100.0,2000.0,2100.0,2100.0,14200
2016-08-02,2000.0,2100.0,1900.0,2100.0,2100.0,128600
2016-08-03,1900.0,2100.0,1900.0,2100.0,2100.0,34700
2016-08-04,2000.0,2000.0,1900.0,1900.0,1900.0,15500
2016-08-05,1900.0,2000.0,1900.0,2000.0,2000.0,27700
2016-08-08,2000.0,2000.0,2000.0,2000.0,2000.0,4200
2016-08-09,1900.0,2000.0,1900.0,2000.0,2000.0,24100
2016-08-10,2000.0,2000.0,2000.0,2000.0,2000.0,1800
2016-08-11,2000.0,2200.0,2000.0,2200.0,2200.0,39200
2016-08-12,2000.0,2000.0,2000.0,2000.0,2000.0,2400
2016-08-15,2000.0,2000.0,2000.0,2000.0,2000.0,1100
2016-08-16,2000.0,2100.0,2000.0,2000.0,2000.0,12200
2016-08-17,2000.0,2000.0,2000.0,2000.0,2000.0,2300
2016-08-18,2000.0,2100.0,2000.0,2100.0,2100.0,6500
2016-08-19,2100.0,2100.0,2100.0,2100.0,2100.0,0
2016-08-22,2100.0,2100.0,2100.0,2100.0,2100.0,0
2016-08-23,2100.0,2100.0,2100.0,2100.0,2100.0,200
2016-08-24,1900.0,2000.0,1900.0,2000.0,2000.0,5500
2016-08-25,2100.0,2100.0,2000.0,2000.0,2000.0,400
2016-08-26,1900.0,2000.0,1900.0,2000.0,2000.0,500
2016-08-29,1900.0,2000.0,1900.0,2000.0,2000.0,6900
2016-08-30,1900.0,2000.0,1900.0,2000.0,2000.0,27300
2016-08-31,1900.0,2000.0,1900.0,1900.0,1900.0,8200
2016-09-01,2000.0,2000.0,1900.0,2000.0,2000.0,2100
2016-09-02,2000.0,2000.0,2000.0,2000.0,2000.0,0
2016-09-06,1900.0,1900.0,1800.0,1900.0,1900.0,19300
2016-09-07,1900.0,2000.0,1800.0,2000.0,2000.0,74000
2016-09-08,2000.0,2100.0,2000.0,2000.0,2000.0,1100
2016-09-09,2100.0,2200.0,1900.0,2000.0,2000.0,10500
2016-09-12,2200.0,2200.0,1900.0,2000.0,2000.0,2800
2016-09-13,2000.0,2000.0,1800.0,1800.0,1800.0,41200
2016-09-14,1900.0,1900.0,1800.0,1900.0,1900.0,9600
2016-09-15,2000.0,2000.0,1900.0,2000.0,2000.0,10400
2016-09-16,1900.0,2000.0,1800.0,1800.0,1800.0,81800
2016-09-19,1900.0,1900.0,1900.0,1900.0,1900.0,2100
2016-09-20,1900.0,2000.0,1900.0,2000.0,2000.0,2300
2016-09-21,1900.0,1900.0,1900.0,1900.0,1900.0,1300
2016-09-22,1900.0,1900.0,1900.0,1900.0,1900.0,300
2016-09-23,1900.0,1900.0,1900.0,1900.0,1900.0,1300
2016-09-26,1900.0,2000.0,1900.0,2000.0,2000.0,5600
2016-09-27,2000.0,2000.0,2000.0,2000.0,2000.0,915
2016-09-28,2000.0,2000.0,1900.0,2000.0,2000.0,1000
2016-09-29,1900.0,2000.0,1800.0,1900.0,1900.0,16500
2016-09-30,1900.0,2000.0,1800.0,1800.0,1800.0,4500
2016-10-03,1900.0,1900.0,1800.0,1900.0,1900.0,24300
2016-10-04,2000.0,2000.0,1800.0,1800.0,1800.0,24000
2016-10-05,1900.0,1900.0,1700.0,1900.0,1900.0,4600
2016-10-06,1900.0,1900.0,1800.0,1900.0,1900.0,4900
2016-10-07,2000.0,2000.0,1800.0,1800.0,1800.0,20300
2016-10-10,1900.0,1900.0,1800.0,1900.0,1900.0,8415
2016-10-11,2000.0,2000.0,1800.0,1900.0,1900.0,22300
2016-10-12,1800.0,2000.0,1800.0,1900.0,1900.0,73900
2016-10-13,1800.0,1900.0,1800.0,1900.0,1900.0,1000
2016-10-14,1800.0,1900.0,1800.0,1900.0,1900.0,30900
2016-10-17,1900.0,1900.0,1800.0,1900.0,1900.0,5500
2016-10-18,1800.0,1900.0,1800.0,1900.0,1900.0,300
2016-10-19,1800.0,1900.0,1800.0,1800.0,1800.0,138800
2016-10-20,1800.0,1900.0,1800.0,1900.0,1900.0,31400
2016-10-21,2000.0,2000.0,1800.0,1900.0,1900.0,34100
2016-10-24,1800.0,1900.0,1800.0,1800.0,1800.0,61600
2016-10-25,1900.0,1900.0,1700.0,1800.0,1800.0,43400
2016-10-26,1800.0,1800.0,1800.0,1800.0,1800.0,200
2016-10-27,1800.0,1800.0,1800.0,1800.0,1800.0,49400
2016-10-28,1800.0,1800.0,1700.0,1700.0,1700.0,3000
2016-10-31,1800.0,1800.0,1700.0,1800.0,1800.0,47200
2016-11-01,1700.0,1800.0,1700.0,1800.0,1800.0,27700
2016-11-02,1700.0,1700.0,1700.0,1700.0,1700.0,200
2016-11-03,1800.0,1800.0,1800.0,1800.0,1800.0,6000
2016-11-04,1700.0,1800.0,1700.0,1700.0,1700.0,16700
2016-11-07,1700.0,1800.0,1700.0,1800.0,1800.0,2000
2016-11-08,1800.0,1800.0,1800.0,1800.0,1800.0,4400
2016-11-09,1700.0,1800.0,1700.0,1700.0,1700.0,142000
2016-11-10,1700.0,1800.0,1700.0,1800.0,1800.0,25800
2016-11-11,1700.0,1800.0,1700.0,1800.0,1800.0,600
2016-11-14,1800.0,1800.0,1800.0,1800.0,1800.0,200
2016-11-15,1700.0,1900.0,1700.0,1900.0,1900.0,134000
2016-11-16,1800.0,1800.0,1800.0,1800.0,1800.0,16500
2016-11-17,1700.0,1800.0,1700.0,1800.0,1800.0,900
2016-11-18,1700.0,1800.0,1700.0,1700.0,1700.0,160400
2016-11-21,1700.0,1800.0,1700.0,1800.0,1800.0,3200
2016-11-22,1700.0,1700.0,1700.0,1700.0,1700.0,2300
2016-11-23,1700.0,1800.0,1700.0,1700.0,1700.0,25400
2016-11-25,1700.0,1800.0,1700.0,1700.0,1700.0,27500
2016-11-28,1700.0,1700.0,1700.0,1700.0,1700.0,21000
2016-11-29,1700.0,1700.0,1700.0,1700.0,1700.0,700
2016-11-30,1700.0,1800.0,1700.0,1700.0,1700.0,60600
2016-12-01,1700.0,1700.0,1700.0,1700.0,1700.0,3900
2016-12-02,1800.0,1800.0,1700.0,1700.0,1700.0,49900
2016-12-05,1700.0,1800.0,1700.0,1700.0,1700.0,206600
2016-12-06,1700.0,1800.0,1700.0,1700.0,1700.0,10300
2016-12-07,1700.0,1700.0,1700.0,1700.0,1700.0,1000
2016-12-08,1700.0,1800.0,1700.0,1800.0,1800.0,200
2016-12-09,1700.0,1800.0,1700.0,1700.0,1700.0,40200
2016-12-12,1800.0,1800.0,1700.0,1700.0,1700.0,14800
2016-12-13,1700.0,1700.0,1600.0,1600.0,1600.0,66000
2016-12-14,1600.0,1600.0,1600.0,1600.0,1600.0,900
2016-12-15,1700.0,1700.0,1700.0,1700.0,1700.0,12400
2016-12-16,1700.0,1700.0,1700.0,1700.0,1700.0,5300
2016-12-19,1700.0,1700.0,1700.0,1700.0,1700.0,500
2016-12-20,1800.0,1800.0,1600.0,1600.0,1600.0,3100
2016-12-21,1700.0,1700.0,1700.0,1700.0,1700.0,100
2016-12-22,1600.0,1800.0,1600.0,1800.0,1800.0,51900
2016-12-23,1700.0,1800.0,1700.0,1800.0,1800.0,17900
2016-12-27,1700.0,1800.0,1700.0,1800.0,1800.0,27500
2016-12-28,1700.0,1700.0,1700.0,1700.0,1700.0,42800
2016-12-29,1700.0,1700.0,1700.0,1700.0,1700.0,7400
2016-12-30,1700.0,1700.0,1700.0,1700.0,1700.0,2200
2017-01-03,1700.0,1800.0,1700.0,1800.0,1800.0,6100
2017-01-04,1800.0,1800.0,1800.0,1800.0,1800.0,82900
2017-01-05,1800.0,1900.0,1700.0,1900.0,1900.0,69700
2017-01-06,2000.0,2000.0,2000.0,2000.0,2000.0,24200
2017-01-09,2000.0,2200.0,2000.0,2200.0,2200.0,58600
2017-01-10,2200.0,2300.0,2100.0,2100.0,2100.0,48900
2017-01-11,1900.0,2200.0,1900.0,2100.0,2100.0,7200
2017-01-12,2100.0,2200.0,2100.0,2200.0,2200.0,14500
2017-01-13,2200.0,2200.0,2000.0,2000.0,2000.0,49700
2017-01-17,2100.0,2100.0,1900.0,2000.0,2000.0,300
2017-01-18,1900.0,2000.0,1900.0,1900.0,1900.0,6300
2017-01-19,2000.0,2000.0,2000.0,2000.0,2000.0,3200
2017-01-20,1900.0,1900.0,1800.0,1800.0,1800.0,39600
2017-01-23,1900.0,1900.0,1900.0,1900.0,1900.0,2000
2017-01-24,2000.0,2000.0,2000.0,2000.0,2000.0,1000
2017-01-25,2000.0,2000.0,1800.0,1900.0,1900.0,3600
2017-01-26,1900.0,1900.0,1900.0,1900.0,1900.0,0
2017-01-27,1900.0,1900.0,1900.0,1900.0,1900.0,0
2017-01-30,1900.0,1900.0,1900.0,1900.0,1900.0,0
2017-01-31,1900.0,1900.0,1900.0,1900.0,1900.0,0
2017-02-01,1900.0,1900.0,1900.0,1900.0,1900.0,0
2017-02-02,1900.0,1900.0,1900.0,1900.0,1900.0,0
2017-02-03,1900.0,1900.0,1800.0,1900.0,1900.0,3000
2017-02-06,2000.0,2000.0,1900.0,1900.0,1900.0,1300
2017-02-07,1900.0,2000.0,1900.0,2000.0,2000.0,3100
2017-02-08,2000.0,2100.0,2000.0,2100.0,2100.0,1200
2017-02-09,2100.0,2200.0,1900.0,1900.0,1900.0,6200
2017-02-10,2000.0,2000.0,2000.0,2000.0,2000.0,11800
2017-02-13,2100.0,2200.0,2000.0,2000.0,2000.0,43700
2017-02-14,2100.0,2100.0,2000.0,2000.0,2000.0,17800
2017-02-16,2000.0,2100.0,1900.0,1900.0,1900.0,23200
2017-02-17,2000.0,2000.0,2000.0,2000.0,2000.0,54300
2017-02-21,2000.0,2000.0,2000.0,2000.0,2000.0,19000
2017-02-22,2000.0,2000.0,2000.0,2000.0,2000.0,56000
2017-02-23,2000.0,2000.0,2000.0,2000.0,2000.0,9000
2017-02-24,2000.0,2000.0,1900.0,2000.0,2000.0,23100
2017-02-27,2000.0,2100.0,2000.0,2100.0,2100.0,76100
2017-02-28,2000.0,2100.0,2000.0,2100.0,2100.0,8100
2017-03-01,2100.0,2200.0,2100.0,2100.0,2100.0,35400
2017-03-02,2100.0,2200.0,2000.0,2200.0,2200.0,22900
2017-03-03,2000.0,2200.0,2000.0,2200.0,2200.0,80800
2017-03-06,2100.0,2100.0,2100.0,2100.0,2100.0,400
2017-03-07,2000.0,2000.0,2000.0,2000.0,2000.0,3700
2017-03-08,2100.0,2100.0,2100.0,2100.0,2100.0,6600
2017-03-09,2100.0,2200.0,2000.0,2200.0,2200.0,19700
2017-03-10,2200.0,2200.0,2000.0,2000.0,2000.0,7800
2017-03-13,2100.0,2100.0,2100.0,2100.0,2100.0,100
2017-03-14,2000.0,2000.0,1900.0,2000.0,2000.0,5300
2017-03-15,2000.0,2000.0,2000.0,2000.0,2000.0,3200
2017-03-16,2000.0,2000.0,2000.0,2000.0,2000.0,4000
2017-03-17,2000.0,2100.0,2000.0,2100.0,2100.0,9300
2017-03-20,2000.0,2100.0,1900.0,2000.0,2000.0,26900
2017-03-21,2000.0,2000.0,1900.0,2000.0,2000.0,25300
2017-03-22,2000.0,2000.0,2000.0,2000.0,2000.0,10800
2017-03-23,2000.0,2000.0,1900.0,2000.0,2000.0,55800
2017-03-24,1900.0,2000.0,1900.0,2000.0,2000.0,10700
2017-03-27,2000.0,2000.0,1900.0,2000.0,2000.0,4400
2017-03-28,2000.0,2000.0,2000.0,2000.0,2000.0,3000
2017-03-29,2000.0,2000.0,2000.0,2000.0,2000.0,5700
2017-03-30,2000.0,2000.0,2000.0,2000.0,2000.0,12000
2017-03-31,2000.0,2000.0,1900.0,1900.0,1900.0,20000
2017-04-03,1900.0,2000.0,1900.0,2000.0,2000.0,24500
2017-04-04,2000.0,2000.0,2000.0,2000.0,2000.0,47900
2017-04-05,2000.0,2000.0,1900.0,2000.0,2000.0,41700
2017-04-06,2000.0,2000.0,2000.0,2000.0,2000.0,0
2017-04-07,2000.0,2100.0,2000.0,2100.0,2100.0,27700
2017-04-10,2000.0,2100.0,2000.0,2100.0,2100.0,26900
2017-04-11,2000.0,2000.0,1900.0,2000.0,2000.0,17300
2017-04-12,1900.0,2000.0,1900.0,2000.0,2000.0,18100
2017-04-13,2000.0,2000.0,2000.0,2000.0,2000.0,5000
2017-04-17,2100.0,2300.0,2100.0,2100.0,2100.0,103100
2017-04-18,2100.0,2200.0,2000.0,2000.0,2000.0,55400
2017-04-19,2100.0,2100.0,2000.0,2100.0,2100.0,27000
2017-04-20,2100.0,2200.0,2100.0,2100.0,2100.0,43600
2017-04-21,2000.0,2100.0,2000.0,2000.0,2000.0,33100
2017-04-24,2000.0,2100.0,2000.0,2000.0,2000.0,22400
2017-04-25,2100.0,2200.0,2100.0,2100.0,2100.0,14100
2017-04-26,2100.0,2200.0,2100.0,2200.0,2200.0,5900
2017-04-27,2100.0,2300.0,2100.0,2300.0,2300.0,2100
2017-04-28,2200.0,2300.0,2100.0,2300.0,2300.0,95100
2017-05-01,2300.0,2300.0,2300.0,2300.0,2300.0,0
2017-05-02,2300.0,2300.0,2300.0,2300.0,2300.0,0
2017-05-03,2300.0,2500.0,2200.0,2200.0,2200.0,49400
2017-05-04,2200.0,2300.0,2200.0,2200.0,2200.0,70100
2017-05-05,2200.0,2200.0,2200.0,2200.0,2200.0,28000
2017-05-08,2200.0,2200.0,2100.0,2200.0,2200.0,25800
2017-05-09,2200.0,2200.0,2200.0,2200.0,2200.0,32200
2017-05-10,2200.0,2200.0,2100.0,2200.0,2200.0,36600
2017-05-11,2200.0,2200.0,2200.0,2200.0,2200.0,12300
2017-05-12,2200.0,2200.0,2200.0,2200.0,2200.0,14800
2017-05-15,2100.0,2200.0,2100.0,2200.0,2200.0,5700
2017-05-16,2200.0,2300.0,2200.0,2300.0,2300.0,41800
2017-05-17,2200.0,2200.0,2100.0,2100.0,2100.0,35600
2017-05-18,2200.0,2200.0,2100.0,2200.0,2200.0,31800
2017-05-19,2200.0,2200.0,2200.0,2200.0,2200.0,8400
2017-05-22,2100.0,2200.0,2100.0,2200.0,2200.0,41600
2017-05-23,2100.0,2200.0,2100.0,2200.0,2200.0,50900
2017-05-24,2200.0,2300.0,2200.0,2200.0,2200.0,21900
2017-05-25,2200.0,2200.0,2200.0,2200.0,2200.0,25200
2017-05-26,2200.0,2300.0,2200.0,2200.0,2200.0,97400
2017-05-30,2500.0,2600.0,2200.0,2400.0,2400.0,138800
2017-05-31,2400.0,2500.0,2300.0,2400.0,2400.0,12400
2017-06-01,2300.0,2400.0,2300.0,2300.0,2300.0,114200
2017-06-02,2300.0,2400.0,2300.0,2300.0,2300.0,162000
2017-06-05,2400.0,2400.0,2200.0,2200.0,2200.0,45300
2017-06-06,2300.0,2300.0,2200.0,2300.0,2300.0,43600
2017-06-07,2400.0,2400.0,2400.0,2400.0,2400.0,62015
2017-06-08,2400.0,2400.0,2300.0,2400.0,2400.0,112000
2017-06-09,2300.0,2500.0,2300.0,2500.0,2500.0,41700
2017-06-12,2400.0,2400.0,2300.0,2400.0,2400.0,42400
2017-06-13,2300.0,2300.0,2300.0,2300.0,2300.0,27900
2017-06-14,2300.0,2400.0,2200.0,2400.0,2400.0,32000
2017-06-15,2300.0,2300.0,2200.0,2300.0,2300.0,12600
2017-06-16,2200.0,2400.0,2200.0,2400.0,2400.0,77200
2017-06-19,2300.0,2300.0,2300.0,2300.0,2300.0,15500
2017-06-20,2300.0,2300.0,2200.0,2300.0,2300.0,49400
2017-06-21,2300.0,2300.0,2300.0,2300.0,2300.0,0
2017-06-22,2200.0,2300.0,2200.0,2300.0,2300.0,9500
2017-06-26,2300.0,2300.0,2200.0,2300.0,2300.0,10300
2017-06-27,2200.0,2400.0,2200.0,2200.0,2200.0,97800
2017-06-28,2200.0,2300.0,2200.0,2300.0,2300.0,27200
2017-06-29,2300.0,2300.0,2200.0,2200.0,2200.0,3600
2017-06-30,2200.0,2300.0,2200.0,2300.0,2300.0,51400
2017-07-03,2200.0,2300.0,2200.0,2300.0,2300.0,4700
2017-07-05,2200.0,2300.0,2200.0,2200.0,2200.0,157500
2017-07-06,2200.0,2400.0,2100.0,2400.0,2400.0,816500
2017-07-07,2600.0,2600.0,2500.0,2500.0,2500.0,187700
2017-07-10,2300.0,2400.0,2300.0,2400.0,2400.0,71600
2017-07-11,2300.0,2500.0,2300.0,2400.0,2400.0,281300
2017-07-12,2400.0,2500.0,2300.0,2400.0,2400.0,89300
2017-07-13,2300.0,2500.0,2300.0,2400.0,2400.0,48200
2017-07-14,2400.0,2500.0,2300.0,2500.0,2500.0,14700
2017-07-17,2400.0,2400.0,2300.0,2400.0,2400.0,71100
2017-07-18,2400.0,2500.0,2400.0,2400.0,2400.0,121100
2017-07-19,2300.0,2500.0,2300.0,2500.0,2500.0,11310
2017-07-20,2500.0,2700.0,2500.0,2600.0,2600.0,154795
2017-07-21,2600.0,2600.0,2500.0,2500.0,2500.0,17300
2017-07-24,2500.0,2600.0,2400.0,2500.0,2500.0,48300
2017-07-25,2500.0,2600.0,2400.0,2500.0,2500.0,54453
2017-07-26,2600.0,2700.0,2500.0,2600.0,2600.0,244500
2017-07-27,2700.0,2700.0,2500.0,2600.0,2600.0,239227
2017-07-28,2700.0,2800.0,2700.0,2800.0,2800.0,435700
2017-07-31,3000.0,3000.0,2900.0,3000.0,3000.0,73220
2017-08-01,3300.0,3300.0,3300.0,3300.0,3300.0,416545
2017-08-02,3600.0,3600.0,3400.0,3500.0,3500.0,688300
2017-08-03,3500.0,3500.0,3200.0,3300.0,3300.0,315000
2017-08-04,3300.0,3300.0,3300.0,3300.0,3300.0,0
2017-08-07,3500.0,3700.0,3300.0,3600.0,3600.0,430045
2017-08-08,3700.0,3900.0,3700.0,3700.0,3700.0,372810
2017-08-09,4000.0,4000.0,3400.0,3600.0,3600.0,397200
2017-08-10,3500.0,3600.0,3400.0,3600.0,3600.0,23400
2017-08-11,3400.0,3400.0,3300.0,3300.0,3300.0,218500
2017-08-14,3300.0,3400.0,3100.0,3300.0,3300.0,164800
2017-08-15,3300.0,3300.0,3100.0,3200.0,3200.0,24000
2017-08-16,3100.0,3200.0,2900.0,3200.0,3200.0,74000
2017-08-17,3200.0,3200.0,2900.0,2900.0,2900.0,103500
2017-08-18,2800.0,3100.0,2800.0,3100.0,3100.0,69201
2017-08-21,3300.0,3300.0,3000.0,3300.0,3300.0,16600
2017-08-22,3000.0,3300.0,3000.0,3200.0,3200.0,34700
2017-08-23,3000.0,3200.0,3000.0,3200.0,3200.0,39500
2017-08-24,3200.0,3200.0,3000.0,3200.0,3200.0,46300
2017-08-25,3100.0,3300.0,3100.0,3200.0,3200.0,127600
2017-08-28,3100.0,3300.0,3100.0,3300.0,3300.0,65300
2017-08-29,3200.0,3400.0,3200.0,3300.0,3300.0,182800
2017-08-30,3300.0,3400.0,3300.0,3400.0,3400.0,245300
2017-08-31,3400.0,3500.0,3300.0,3400.0,3400.0,151000
2017-09-01,3500.0,3600.0,3500.0,3500.0,3500.0,95200
2017-09-05,3500.0,3600.0,3400.0,3400.0,3400.0,70135
2017-09-06,3400.0,3500.0,3400.0,3500.0,3500.0,106500
2017-09-07,3400.0,3500.0,3400.0,3500.0,3500.0,24500
2017-09-08,3500.0,3500.0,3400.0,3500.0,3500.0,6400
2017-09-11,3400.0,3500.0,3300.0,3500.0,3500.0,17000
2017-09-12,3300.0,3500.0,3300.0,3400.0,3400.0,14000
2017-09-13,3400.0,3500.0,3300.0,3500.0,3500.0,4600
2017-09-14,3400.0,3500.0,3400.0,3400.0,3400.0,3500
2017-09-15,3300.0,3400.0,3200.0,3400.0,3400.0,32100
2017-09-18,3500.0,3500.0,3200.0,3400.0,3400.0,1700
2017-09-19,3300.0,3400.0,3200.0,3400.0,3400.0,8222
2017-09-20,3300.0,3400.0,3300.0,3400.0,3400.0,1500
2017-09-21,3300.0,3500.0,3300.0,3500.0,3500.0,36900
2017-09-22,3400.0,3400.0,3300.0,3300.0,3300.0,20600
2017-09-25,3300.0,3300.0,3300.0,3300.0,3300.0,0
2017-09-26,3300.0,3400.0,3200.0,3400.0,3400.0,9000
2017-09-27,3200.0,3300.0,3200.0,3200.0,3200.0,9000
2017-09-28,3300.0,3300.0,3200.0,3300.0,3300.0,8122
2017-09-29,3100.0,3300.0,3100.0,3300.0,3300.0,11801
2017-10-02,3300.0,3300.0,3300.0,3300.0,3300.0,0
2017-10-03,3300.0,3300.0,3300.0,3300.0,3300.0,700
2017-10-04,3000.0,3300.0,3000.0,3300.0,3300.0,2900
2017-10-05,3200.0,3300.0,3200.0,3300.0,3300.0,16600
2017-10-06,3300.0,3400.0,3100.0,3300.0,3300.0,21800
2017-10-09,3200.0,3300.0,3200.0,3300.0,3300.0,3600
2017-10-10,3100.0,3300.0,3100.0,3200.0,3200.0,15822
2017-10-11,3100.0,3100.0,3000.0,3100.0,3100.0,31000
2017-10-12,3000.0,3100.0,3000.0,3100.0,3100.0,1400
2017-10-13,3000.0,3000.0,2900.0,3000.0,3000.0,20000
2017-10-16,3000.0,3000.0,3000.0,3000.0,3000.0,26323
2017-10-17,3000.0,3200.0,3000.0,3200.0,3200.0,10900
2017-10-18,3200.0,3200.0,3000.0,3100.0,3100.0,3500
2017-10-19,3000.0,3000.0,2900.0,3000.0,3000.0,11900
2017-10-20,2900.0,3000.0,2800.0,2800.0,2800.0,18800
2017-10-23,2800.0,2800.0,2600.0,2600.0,2600.0,33000
2017-10-24,2400.0,2600.0,2400.0,2600.0,2600.0,101000
2017-10-25,2400.0,2600.0,2400.0,2500.0,2500.0,24500
2017-10-26,2400.0,2500.0,2400.0,2500.0,2500.0,1100
2017-10-27,2500.0,2500.0,2500.0,2500.0,2500.0,30500
2017-10-30,2600.0,2600.0,2500.0,2500.0,2500.0,6700
2017-10-31,2500.0,2500.0,2500.0,2500.0,2500.0,15600
2017-11-01,2400.0,2600.0,2400.0,2600.0,2600.0,200
2017-11-02,2600.0,2600.0,2500.0,2600.0,2600.0,1600
2017-11-03,2500.0,2700.0,2500.0,2500.0,2500.0,18200
2017-11-06,2600.0,2700.0,2600.0,2700.0,2700.0,6600
2017-11-07,2800.0,2800.0,2800.0,2800.0,2800.0,1600
2017-11-08,2800.0,2800.0,2800.0,2800.0,2800.0,500
2017-11-09,2800.0,2800.0,2800.0,2800.0,2800.0,500
2017-11-10,2700.0,2700.0,2600.0,2700.0,2700.0,8200
2017-11-13,2700.0,2700.0,2600.0,2600.0,2600.0,7000
2017-11-14,2400.0,2400.0,2400.0,2400.0,2400.0,10000
2017-11-15,2500.0,2500.0,2300.0,2300.0,2300.0,700
2017-11-16,2300.0,2500.0,2200.0,2500.0,2500.0,12000
2017-11-17,2500.0,2500.0,2500.0,2500.0,2500.0,5200
2017-11-20,2500.0,2500.0,2500.0,2500.0,2500.0,0
2017-11-21,2600.0,2600.0,2600.0,2600.0,2600.0,100
2017-11-22,2700.0,2700.0,2700.0,2700.0,2700.0,100
2017-11-24,2500.0,2600.0,2500.0,2600.0,2600.0,7400
2017-11-27,2600.0,2600.0,2600.0,2600.0,2600.0,0
2017-11-28,2600.0,2600.0,2500.0,2500.0,2500.0,16100
2017-11-29,2500.0,2500.0,2400.0,2400.0,2400.0,2800
2017-11-30,2400.0,2400.0,2400.0,2400.0,2400.0,3800
2017-12-01,2400.0,2500.0,2400.0,2500.0,2500.0,5000
2017-12-04,2500.0,2500.0,2400.0,2500.0,2500.0,18000
2017-12-05,2400.0,2500.0,2400.0,2400.0,2400.0,7900
2017-12-06,2400.0,2400.0,2400.0,2400.0,2400.0,400
2017-12-07,2300.0,2600.0,2200.0,2600.0,2600.0,12100
2017-12-08,2400.0,2400.0,2400.0,2400.0,2400.0,2600
2017-12-11,2500.0,2500.0,2300.0,2400.0,2400.0,8200
2017-12-12,2400.0,2400.0,2400.0,2400.0,2400.0,1700
2017-12-13,2400.0,2400.0,2400.0,2400.0,2400.0,0
2017-12-14,2400.0,2400.0,2400.0,2400.0,2400.0,0
2017-12-15,2400.0,2400.0,2400.0,2400.0,2400.0,3400
2017-12-18,2400.0,2400.0,2400.0,2400.0,2400.0,1800
2017-12-19,2400.0,2400.0,2400.0,2400.0,2400.0,0
2017-12-20,2400.0,2400.0,2400.0,2400.0,2400.0,10
2017-12-21,2200.0,2400.0,2200.0,2400.0,2400.0,800
2017-12-22,2200.0,2400.0,2200.0,2400.0,2400.0,12200
2017-12-26,2300.0,2400.0,2200.0,2400.0,2400.0,5100
2017-12-27,2400.0,2400.0,2200.0,2400.0,2400.0,13300
2017-12-28,2300.0,2400.0,2300.0,2400.0,2400.0,4300
2017-12-29,2400.0,2400.0,2300.0,2300.0,2300.0,600
2018-01-02,2400.0,2500.0,2400.0,2500.0,2500.0,2600
2018-01-03,2500.0,2500.0,2500.0,2500.0,2500.0,0
2018-01-04,2300.0,2500.0,2300.0,2500.0,2500.0,300
2018-01-05,2300.0,2300.0,2300.0,2300.0,2300.0,1000
2018-01-08,2300.0,2500.0,2300.0,2500.0,2500.0,25500
2018-01-10,2800.0,2900.0,2800.0,2800.0,2800.0,9000
2018-01-11,2800.0,3000.0,2700.0,2800.0,2800.0,27810
2018-01-12,3000.0,3000.0,2800.0,3000.0,3000.0,62600
2018-01-16,2900.0,3200.0,2700.0,3200.0,3200.0,12600
2018-01-17,3000.0,3100.0,2900.0,2900.0,2900.0,34500
2018-01-18,2900.0,2900.0,2900.0,2900.0,2900.0,3600
2018-01-19,3000.0,3000.0,2900.0,3000.0,3000.0,43500
2018-01-22,3000.0,3000.0,2800.0,2800.0,2800.0,11700
2018-01-23,2800.0,2900.0,2800.0,2800.0,2800.0,6900
2018-01-26,2800.0,2900.0,2700.0,2700.0,2700.0,102600
2018-01-30,2600.0,2600.0,2600.0,2600.0,2600.0,0
2018-01-31,2600.0,2600.0,2500.0,2500.0,2500.0,200
